,occurance_count
1/1/2009,113
1/2/2009,129
1/3/2009,103
1/4/2009,73
1/5/2009,113
1/6/2009,99
1/7/2009,96
1/8/2009,90
1/9/2009,120
1/10/2009,96
1/11/2009,67
1/12/2009,82
1/13/2009,92
1/14/2009,91
1/15/2009,88
1/16/2009,89
1/17/2009,104
1/18/2009,84
1/19/2009,79
1/20/2009,78
1/21/2009,100
1/22/2009,93
1/23/2009,103
1/24/2009,97
1/25/2009,89
1/26/2009,113
1/27/2009,98
1/28/2009,84
1/29/2009,91
1/30/2009,108
1/31/2009,78
2/1/2009,93
2/2/2009,82
2/3/2009,87
2/4/2009,86
2/5/2009,85
2/6/2009,87
2/7/2009,68
2/8/2009,81
2/9/2009,97
2/10/2009,74
2/11/2009,87
2/12/2009,84
2/13/2009,100
2/14/2009,61
2/15/2009,72
2/16/2009,66
2/17/2009,80
2/18/2009,95
2/19/2009,84
2/20/2009,101
2/21/2009,68
2/22/2009,74
2/23/2009,66
2/24/2009,83
2/25/2009,79
2/26/2009,86
2/27/2009,85
2/28/2009,70
3/1/2009,55
3/2/2009,85
3/3/2009,72
3/4/2009,71
3/5/2009,90
3/6/2009,84
3/7/2009,84
3/8/2009,63
3/9/2009,77
3/10/2009,81
3/11/2009,67
3/12/2009,84
3/13/2009,119
3/14/2009,75
3/15/2009,79
3/16/2009,86
3/17/2009,81
3/18/2009,81
3/19/2009,85
3/20/2009,99
3/21/2009,82
3/22/2009,85
3/23/2009,74
3/24/2009,104
3/25/2009,99
3/26/2009,87
3/27/2009,99
3/28/2009,96
3/29/2009,75
3/30/2009,85
3/31/2009,91
4/1/2009,99
4/2/2009,103
4/3/2009,110
4/4/2009,96
4/5/2009,69
4/6/2009,74
4/7/2009,85
4/8/2009,90
4/9/2009,77
4/10/2009,110
4/11/2009,67
4/12/2009,56
4/13/2009,73
4/14/2009,88
4/15/2009,90
4/16/2009,88
4/17/2009,102
4/18/2009,90
4/19/2009,84
4/20/2009,100
4/21/2009,91
4/22/2009,93
4/23/2009,88
4/24/2009,96
4/25/2009,100
4/26/2009,61
4/27/2009,75
4/28/2009,105
4/29/2009,101
4/30/2009,101
5/1/2009,119
5/2/2009,107
5/3/2009,64
5/4/2009,92
5/5/2009,89
5/6/2009,96
5/7/2009,103
5/8/2009,101
5/9/2009,93
5/10/2009,105
5/11/2009,85
5/12/2009,86
5/13/2009,82
5/14/2009,98
5/15/2009,96
5/16/2009,78
5/17/2009,87
5/18/2009,91
5/19/2009,88
5/20/2009,108
5/21/2009,105
5/22/2009,136
5/23/2009,106
5/24/2009,80
5/25/2009,93
5/26/2009,99
5/27/2009,94
5/28/2009,100
5/29/2009,111
5/30/2009,111
5/31/2009,99
6/1/2009,119
6/2/2009,110
6/3/2009,111
6/4/2009,117
6/5/2009,120
6/6/2009,111
6/7/2009,106
6/8/2009,118
6/9/2009,106
6/10/2009,112
6/11/2009,111
6/12/2009,115
6/13/2009,92
6/14/2009,67
6/15/2009,88
6/16/2009,113
6/17/2009,119
6/18/2009,95
6/19/2009,108
6/20/2009,116
6/21/2009,73
6/22/2009,96
6/23/2009,122
6/24/2009,124
6/25/2009,108
6/26/2009,123
6/27/2009,100
6/28/2009,92
6/29/2009,106
6/30/2009,95
7/1/2009,121
7/2/2009,106
7/3/2009,108
7/4/2009,98
7/5/2009,78
7/6/2009,81
7/7/2009,97
7/8/2009,84
7/9/2009,122
7/10/2009,113
7/11/2009,88
7/12/2009,65
7/13/2009,109
7/14/2009,107
7/15/2009,115
7/16/2009,99
7/17/2009,94
7/18/2009,92
7/19/2009,90
7/20/2009,115
7/21/2009,106
7/22/2009,90
7/23/2009,94
7/24/2009,125
7/25/2009,101
7/26/2009,72
7/27/2009,111
7/28/2009,94
7/29/2009,99
7/30/2009,102
7/31/2009,101
8/1/2009,103
8/2/2009,100
8/3/2009,114
8/4/2009,97
8/5/2009,135
8/6/2009,87
8/7/2009,97
8/8/2009,85
8/9/2009,104
8/10/2009,83
8/11/2009,87
8/12/2009,102
8/13/2009,87
8/14/2009,110
8/15/2009,95
8/16/2009,83
8/17/2009,76
8/18/2009,94
8/19/2009,110
8/20/2009,102
8/21/2009,110
8/22/2009,101
8/23/2009,85
8/24/2009,93
8/25/2009,80
8/26/2009,100
8/27/2009,95
8/28/2009,109
8/29/2009,116
8/30/2009,79
8/31/2009,94
9/1/2009,100
9/2/2009,76
9/3/2009,96
9/4/2009,116
9/5/2009,106
9/6/2009,80
9/7/2009,85
9/8/2009,94
9/9/2009,81
9/10/2009,87
9/11/2009,90
9/12/2009,77
9/13/2009,65
9/14/2009,71
9/15/2009,93
9/16/2009,86
9/17/2009,88
9/18/2009,112
9/19/2009,101
9/20/2009,64
9/21/2009,89
9/22/2009,76
9/23/2009,90
9/24/2009,96
9/25/2009,76
9/26/2009,82
9/27/2009,73
9/28/2009,105
9/29/2009,93
9/30/2009,94
10/1/2009,81
10/2/2009,80
10/3/2009,66
10/4/2009,65
10/5/2009,85
10/6/2009,95
10/7/2009,82
10/8/2009,86
10/9/2009,100
10/10/2009,90
10/11/2009,76
10/12/2009,92
10/13/2009,82
10/14/2009,87
10/15/2009,79
10/16/2009,94
10/17/2009,90
10/18/2009,65
10/19/2009,68
10/20/2009,99
10/21/2009,93
10/22/2009,74
10/23/2009,95
10/24/2009,100
10/25/2009,79
10/26/2009,114
10/27/2009,90
10/28/2009,79
10/29/2009,104
10/30/2009,101
10/31/2009,125
11/1/2009,100
11/2/2009,95
11/3/2009,106
11/4/2009,99
11/5/2009,101
11/6/2009,95
11/7/2009,81
11/8/2009,78
11/9/2009,99
11/10/2009,105
11/11/2009,102
11/12/2009,120
11/13/2009,111
11/14/2009,77
11/15/2009,68
11/16/2009,101
11/17/2009,131
11/18/2009,91
11/19/2009,115
11/20/2009,120
11/21/2009,111
11/22/2009,65
11/23/2009,84
11/24/2009,101
11/25/2009,89
11/26/2009,59
11/27/2009,101
11/28/2009,91
11/29/2009,63
11/30/2009,111
12/1/2009,107
12/2/2009,113
12/3/2009,103
12/4/2009,130
12/5/2009,122
12/6/2009,90
12/7/2009,115
12/8/2009,101
12/9/2009,113
12/10/2009,100
12/11/2009,99
12/12/2009,85
12/13/2009,80
12/14/2009,105
12/15/2009,109
12/16/2009,87
12/17/2009,90
12/18/2009,97
12/19/2009,91
12/20/2009,78
12/21/2009,109
12/22/2009,104
12/23/2009,100
12/24/2009,77
12/25/2009,52
12/26/2009,65
12/27/2009,57
12/28/2009,95
12/29/2009,87
12/30/2009,108
12/31/2009,99
1/1/2010,104
1/2/2010,88
1/3/2010,65
1/4/2010,94
1/5/2010,68
1/6/2010,90
1/7/2010,83
1/8/2010,61
1/9/2010,78
1/10/2010,51
1/11/2010,76
1/12/2010,91
1/13/2010,89
1/14/2010,70
1/15/2010,87
1/16/2010,77
1/17/2010,70
1/18/2010,68
1/19/2010,101
1/20/2010,72
1/21/2010,58
1/22/2010,91
1/23/2010,85
1/24/2010,57
1/25/2010,92
1/26/2010,68
1/27/2010,63
1/28/2010,69
1/29/2010,68
1/30/2010,85
1/31/2010,53
2/1/2010,68
2/2/2010,78
2/3/2010,72
2/4/2010,68
2/5/2010,73
2/6/2010,75
2/7/2010,46
2/8/2010,62
2/9/2010,55
2/10/2010,60
2/11/2010,48
2/12/2010,60
2/13/2010,45
2/14/2010,61
2/15/2010,52
2/16/2010,53
2/17/2010,64
2/18/2010,55
2/19/2010,63
2/20/2010,56
2/21/2010,46
2/22/2010,73
2/23/2010,72
2/24/2010,52
2/25/2010,67
2/26/2010,87
2/27/2010,69
2/28/2010,59
3/1/2010,95
3/2/2010,59
3/3/2010,73
3/4/2010,79
3/5/2010,78
3/6/2010,76
3/7/2010,39
3/8/2010,63
3/9/2010,57
3/10/2010,67
3/11/2010,82
3/12/2010,96
3/13/2010,75
3/14/2010,61
3/15/2010,85
3/16/2010,57
3/17/2010,62
3/18/2010,75
3/19/2010,89
3/20/2010,85
3/21/2010,51
3/22/2010,75
3/23/2010,67
3/24/2010,76
3/25/2010,77
3/26/2010,82
3/27/2010,75
3/28/2010,59
3/29/2010,84
3/30/2010,72
3/31/2010,73
4/1/2010,102
4/2/2010,85
4/3/2010,86
4/4/2010,66
4/5/2010,97
4/6/2010,77
4/7/2010,94
4/8/2010,74
4/9/2010,82
4/10/2010,96
4/11/2010,78
4/12/2010,70
4/13/2010,91
4/14/2010,94
4/15/2010,93
4/16/2010,101
4/17/2010,89
4/18/2010,70
4/19/2010,75
4/20/2010,99
4/21/2010,97
4/22/2010,81
4/23/2010,99
4/24/2010,91
4/25/2010,82
4/26/2010,88
4/27/2010,94
4/28/2010,95
4/29/2010,92
4/30/2010,79
5/1/2010,99
5/2/2010,60
5/3/2010,72
5/4/2010,72
5/5/2010,79
5/6/2010,83
5/7/2010,91
5/8/2010,82
5/9/2010,74
5/10/2010,83
5/11/2010,83
5/12/2010,94
5/13/2010,91
5/14/2010,104
5/15/2010,92
5/16/2010,90
5/17/2010,83
5/18/2010,96
5/19/2010,109
5/20/2010,91
5/21/2010,86
5/22/2010,108
5/23/2010,79
5/24/2010,103
5/25/2010,88
5/26/2010,103
5/27/2010,91
5/28/2010,96
5/29/2010,88
5/30/2010,69
5/31/2010,88
6/1/2010,104
6/2/2010,89
6/3/2010,95
6/4/2010,96
6/5/2010,100
6/6/2010,64
6/7/2010,79
6/8/2010,88
6/9/2010,88
6/10/2010,97
6/11/2010,97
6/12/2010,83
6/13/2010,78
6/14/2010,80
6/15/2010,79
6/16/2010,72
6/17/2010,78
6/18/2010,101
6/19/2010,97
6/20/2010,63
6/21/2010,95
6/22/2010,101
6/23/2010,85
6/24/2010,89
6/25/2010,104
6/26/2010,96
6/27/2010,68
6/28/2010,92
6/29/2010,101
6/30/2010,96
7/1/2010,95
7/2/2010,95
7/3/2010,77
7/4/2010,67
7/5/2010,66
7/6/2010,82
7/7/2010,90
7/8/2010,86
7/9/2010,81
7/10/2010,84
7/11/2010,75
7/12/2010,94
7/13/2010,112
7/14/2010,97
7/15/2010,98
7/16/2010,96
7/17/2010,76
7/18/2010,77
7/19/2010,107
7/20/2010,96
7/21/2010,108
7/22/2010,104
7/23/2010,102
7/24/2010,93
7/25/2010,86
7/26/2010,110
7/27/2010,89
7/28/2010,102
7/29/2010,82
7/30/2010,113
7/31/2010,109
8/1/2010,83
8/2/2010,88
8/3/2010,93
8/4/2010,89
8/5/2010,70
8/6/2010,90
8/7/2010,98
8/8/2010,76
8/9/2010,78
8/10/2010,75
8/11/2010,95
8/12/2010,87
8/13/2010,83
8/14/2010,100
8/15/2010,81
8/16/2010,101
8/17/2010,77
8/18/2010,94
8/19/2010,85
8/20/2010,112
8/21/2010,95
8/22/2010,85
8/23/2010,108
8/24/2010,74
8/25/2010,86
8/26/2010,107
8/27/2010,111
8/28/2010,71
8/29/2010,66
8/30/2010,85
8/31/2010,90
9/1/2010,107
9/2/2010,70
9/3/2010,117
9/4/2010,89
9/5/2010,91
9/6/2010,70
9/7/2010,98
9/8/2010,88
9/9/2010,88
9/10/2010,83
9/11/2010,86
9/12/2010,70
9/13/2010,86
9/14/2010,108
9/15/2010,90
9/16/2010,90
9/17/2010,96
9/18/2010,81
9/19/2010,77
9/20/2010,90
9/21/2010,79
9/22/2010,77
9/23/2010,88
9/24/2010,103
9/25/2010,76
9/26/2010,56
9/27/2010,88
9/28/2010,89
9/29/2010,92
9/30/2010,70
10/1/2010,111
10/2/2010,103
10/3/2010,63
10/4/2010,84
10/5/2010,89
10/6/2010,83
10/7/2010,95
10/8/2010,79
10/9/2010,71
10/10/2010,83
10/11/2010,107
10/12/2010,106
10/13/2010,89
10/14/2010,89
10/15/2010,100
10/16/2010,88
10/17/2010,70
10/18/2010,102
10/19/2010,82
10/20/2010,97
10/21/2010,89
10/22/2010,116
10/23/2010,95
10/24/2010,83
10/25/2010,91
10/26/2010,115
10/27/2010,99
10/28/2010,104
10/29/2010,101
10/30/2010,82
10/31/2010,77
11/1/2010,114
11/2/2010,94
11/3/2010,85
11/4/2010,99
11/5/2010,94
11/6/2010,96
11/7/2010,53
11/8/2010,96
11/9/2010,83
11/10/2010,81
11/11/2010,111
11/12/2010,85
11/13/2010,102
11/14/2010,96
11/15/2010,83
11/16/2010,95
11/17/2010,87
11/18/2010,78
11/19/2010,111
11/20/2010,87
11/21/2010,57
11/22/2010,101
11/23/2010,118
11/24/2010,120
11/25/2010,69
11/26/2010,75
11/27/2010,84
11/28/2010,75
11/29/2010,101
11/30/2010,84
12/1/2010,113
12/2/2010,92
12/3/2010,118
12/4/2010,121
12/5/2010,61
12/6/2010,92
12/7/2010,93
12/8/2010,84
12/9/2010,93
12/10/2010,85
12/11/2010,84
12/12/2010,59
12/13/2010,88
12/14/2010,89
12/15/2010,84
12/16/2010,80
12/17/2010,102
12/18/2010,68
12/19/2010,64
12/20/2010,89
12/21/2010,81
12/22/2010,85
12/23/2010,85
12/24/2010,75
12/25/2010,42
12/26/2010,49
12/27/2010,90
12/28/2010,72
12/29/2010,70
12/30/2010,92
12/31/2010,84
1/1/2011,81
1/2/2011,68
1/3/2011,92
1/4/2011,88
1/5/2011,96
1/6/2011,77
1/7/2011,87
1/8/2011,83
1/9/2011,64
1/10/2011,38
1/11/2011,37
1/12/2011,52
1/13/2011,69
1/14/2011,67
1/15/2011,63
1/16/2011,81
1/17/2011,72
1/18/2011,101
1/19/2011,79
1/20/2011,79
1/21/2011,86
1/22/2011,51
1/23/2011,62
1/24/2011,75
1/25/2011,74
1/26/2011,75
1/27/2011,66
1/28/2011,73
1/29/2011,52
1/30/2011,71
1/31/2011,59
2/1/2011,71
2/2/2011,65
2/3/2011,53
2/4/2011,48
2/5/2011,52
2/6/2011,35
2/7/2011,54
2/8/2011,57
2/9/2011,71
2/10/2011,62
2/11/2011,55
2/12/2011,60
2/13/2011,49
2/14/2011,66
2/15/2011,50
2/16/2011,56
2/17/2011,56
2/18/2011,72
2/19/2011,71
2/20/2011,75
2/21/2011,66
2/22/2011,81
2/23/2011,66
2/24/2011,75
2/25/2011,74
2/26/2011,64
2/27/2011,57
2/28/2011,76
3/1/2011,61
3/2/2011,62
3/3/2011,86
3/4/2011,73
3/5/2011,76
3/6/2011,51
3/7/2011,76
3/8/2011,68
3/9/2011,58
3/10/2011,84
3/11/2011,72
3/12/2011,65
3/13/2011,51
3/14/2011,67
3/15/2011,67
3/16/2011,59
3/17/2011,65
3/18/2011,79
3/19/2011,72
3/20/2011,56
3/21/2011,69
3/22/2011,67
3/23/2011,62
3/24/2011,72
3/25/2011,87
3/26/2011,78
3/27/2011,69
3/28/2011,82
3/29/2011,96
3/30/2011,103
3/31/2011,103
4/1/2011,102
4/2/2011,72
4/3/2011,85
4/4/2011,74
4/5/2011,93
4/6/2011,95
4/7/2011,98
4/8/2011,101
4/9/2011,84
4/10/2011,65
4/11/2011,102
4/12/2011,69
4/13/2011,100
4/14/2011,79
4/15/2011,111
4/16/2011,77
4/17/2011,70
4/18/2011,82
4/19/2011,96
4/20/2011,81
4/21/2011,85
4/22/2011,97
4/23/2011,82
4/24/2011,57
4/25/2011,92
4/26/2011,78
4/27/2011,89
4/28/2011,79
4/29/2011,99
4/30/2011,70
5/1/2011,93
5/2/2011,86
5/3/2011,92
5/4/2011,83
5/5/2011,78
5/6/2011,90
5/7/2011,93
5/8/2011,63
5/9/2011,87
5/10/2011,94
5/11/2011,105
5/12/2011,84
5/13/2011,91
5/14/2011,86
5/15/2011,60
5/16/2011,81
5/17/2011,85
5/18/2011,91
5/19/2011,72
5/20/2011,111
5/21/2011,111
5/22/2011,74
5/23/2011,76
5/24/2011,97
5/25/2011,87
5/26/2011,84
5/27/2011,107
5/28/2011,85
5/29/2011,66
5/30/2011,86
5/31/2011,81
6/1/2011,102
6/2/2011,74
6/3/2011,97
6/4/2011,67
6/5/2011,74
6/6/2011,80
6/7/2011,87
6/8/2011,89
6/9/2011,89
6/10/2011,96
6/11/2011,70
6/12/2011,76
6/13/2011,81
6/14/2011,107
6/15/2011,85
6/16/2011,98
6/17/2011,110
6/18/2011,98
6/19/2011,75
6/20/2011,104
6/21/2011,72
6/22/2011,95
6/23/2011,98
6/24/2011,107
6/25/2011,87
6/26/2011,85
6/27/2011,84
6/28/2011,100
6/29/2011,95
6/30/2011,99
7/1/2011,116
7/2/2011,84
7/3/2011,86
7/4/2011,80
7/5/2011,99
7/6/2011,86
7/7/2011,89
7/8/2011,96
7/9/2011,85
7/10/2011,76
7/11/2011,88
7/12/2011,95
7/13/2011,93
7/14/2011,86
7/15/2011,94
7/16/2011,95
7/17/2011,69
7/18/2011,101
7/19/2011,86
7/20/2011,103
7/21/2011,122
7/22/2011,100
7/23/2011,98
7/24/2011,87
7/25/2011,103
7/26/2011,103
7/27/2011,106
7/28/2011,93
7/29/2011,88
7/30/2011,94
7/31/2011,94
8/1/2011,127
8/2/2011,92
8/3/2011,97
8/4/2011,107
8/5/2011,93
8/6/2011,93
8/7/2011,73
8/8/2011,91
8/9/2011,81
8/10/2011,77
8/11/2011,77
8/12/2011,109
8/13/2011,79
8/14/2011,63
8/15/2011,97
8/16/2011,73
8/17/2011,96
8/18/2011,107
8/19/2011,92
8/20/2011,92
8/21/2011,60
8/22/2011,100
8/23/2011,92
8/24/2011,110
8/25/2011,78
8/26/2011,102
8/27/2011,109
8/28/2011,81
8/29/2011,95
8/30/2011,76
8/31/2011,86
9/1/2011,107
9/2/2011,85
9/3/2011,115
9/4/2011,83
9/5/2011,64
9/6/2011,72
9/7/2011,93
9/8/2011,83
9/9/2011,96
9/10/2011,80
9/11/2011,58
9/12/2011,81
9/13/2011,64
9/14/2011,79
9/15/2011,96
9/16/2011,87
9/17/2011,95
9/18/2011,73
9/19/2011,81
9/20/2011,78
9/21/2011,81
9/22/2011,96
9/23/2011,91
9/24/2011,100
9/25/2011,79
9/26/2011,83
9/27/2011,93
9/28/2011,71
9/29/2011,75
9/30/2011,94
10/1/2011,95
10/2/2011,63
10/3/2011,83
10/4/2011,69
10/5/2011,81
10/6/2011,93
10/7/2011,87
10/8/2011,96
10/9/2011,92
10/10/2011,97
10/11/2011,82
10/12/2011,98
10/13/2011,75
10/14/2011,79
10/15/2011,104
10/16/2011,64
10/17/2011,88
10/18/2011,95
10/19/2011,87
10/20/2011,75
10/21/2011,88
10/22/2011,83
10/23/2011,87
10/24/2011,86
10/25/2011,68
10/26/2011,95
10/27/2011,85
10/28/2011,103
10/29/2011,88
10/30/2011,65
10/31/2011,110
11/1/2011,94
11/2/2011,74
11/3/2011,64
11/4/2011,105
11/5/2011,82
11/6/2011,71
11/7/2011,60
11/8/2011,81
11/9/2011,95
11/10/2011,96
11/11/2011,84
11/12/2011,92
11/13/2011,72
11/14/2011,72
11/15/2011,103
11/16/2011,93
11/17/2011,80
11/18/2011,84
11/19/2011,78
11/20/2011,69
11/21/2011,75
11/22/2011,82
11/23/2011,93
11/24/2011,53
11/25/2011,92
11/26/2011,100
11/27/2011,64
11/28/2011,89
11/29/2011,63
11/30/2011,74
12/1/2011,93
12/2/2011,74
12/3/2011,88
12/4/2011,62
12/5/2011,81
12/6/2011,82
12/7/2011,82
12/8/2011,93
12/9/2011,95
12/10/2011,75
12/11/2011,56
12/12/2011,83
12/13/2011,65
12/14/2011,109
12/15/2011,95
12/16/2011,98
12/17/2011,79
12/18/2011,62
12/19/2011,84
12/20/2011,99
12/21/2011,88
12/22/2011,78
12/23/2011,95
12/24/2011,81
12/25/2011,37
12/26/2011,68
12/27/2011,76
12/28/2011,79
12/29/2011,69
12/30/2011,71
12/31/2011,80
1/1/2012,90
1/2/2012,82
1/3/2012,72
1/4/2012,78
1/5/2012,74
1/6/2012,97
1/7/2012,81
1/8/2012,61
1/9/2012,86
1/10/2012,88
1/11/2012,83
1/12/2012,75
1/13/2012,85
1/14/2012,64
1/15/2012,70
1/16/2012,66
1/17/2012,86
1/18/2012,91
1/19/2012,57
1/20/2012,81
1/21/2012,75
1/22/2012,87
1/23/2012,67
1/24/2012,79
1/25/2012,66
1/26/2012,73
1/27/2012,76
1/28/2012,57
1/29/2012,43
1/30/2012,70
1/31/2012,78
2/1/2012,69
2/2/2012,66
2/3/2012,57
2/4/2012,46
2/5/2012,62
2/6/2012,76
2/7/2012,58
2/8/2012,41
2/9/2012,61
2/10/2012,71
2/11/2012,61
2/12/2012,53
2/13/2012,57
2/14/2012,53
2/15/2012,53
2/16/2012,58
2/17/2012,77
2/18/2012,67
2/19/2012,51
2/20/2012,78
2/21/2012,60
2/22/2012,68
2/23/2012,77
2/24/2012,67
2/25/2012,70
2/26/2012,44
2/27/2012,67
2/28/2012,50
2/29/2012,62
3/1/2012,66
3/2/2012,56
3/3/2012,60
3/4/2012,63
3/5/2012,56
3/6/2012,67
3/7/2012,52
3/8/2012,52
3/9/2012,74
3/10/2012,71
3/11/2012,48
3/12/2012,71
3/13/2012,52
3/14/2012,74
3/15/2012,60
3/16/2012,74
3/17/2012,105
3/18/2012,54
3/19/2012,61
3/20/2012,78
3/21/2012,98
3/22/2012,60
3/23/2012,96
3/24/2012,57
3/25/2012,61
3/26/2012,105
3/27/2012,67
3/28/2012,80
3/29/2012,69
3/30/2012,77
3/31/2012,78
4/1/2012,70
4/2/2012,78
4/3/2012,76
4/4/2012,87
4/5/2012,76
4/6/2012,73
4/7/2012,83
4/8/2012,41
4/9/2012,61
4/10/2012,67
4/11/2012,71
4/12/2012,78
4/13/2012,90
4/14/2012,89
4/15/2012,58
4/16/2012,55
4/17/2012,77
4/18/2012,69
4/19/2012,71
4/20/2012,100
4/21/2012,80
4/22/2012,69
4/23/2012,90
4/24/2012,64
4/25/2012,86
4/26/2012,62
4/27/2012,77
4/28/2012,75
4/29/2012,69
4/30/2012,73
5/1/2012,73
5/2/2012,78
5/3/2012,73
5/4/2012,85
5/5/2012,82
5/6/2012,70
5/7/2012,72
5/8/2012,85
5/9/2012,79
5/10/2012,74
5/11/2012,85
5/12/2012,91
5/13/2012,55
5/14/2012,83
5/15/2012,91
5/16/2012,75
5/17/2012,69
5/18/2012,97
5/19/2012,84
5/20/2012,53
5/21/2012,94
5/22/2012,94
5/23/2012,81
5/24/2012,94
5/25/2012,106
5/26/2012,82
5/27/2012,76
5/28/2012,71
5/29/2012,86
5/30/2012,91
5/31/2012,76
6/1/2012,95
6/2/2012,94
6/3/2012,80
6/4/2012,72
6/5/2012,98
6/6/2012,80
6/7/2012,105
6/8/2012,93
6/9/2012,93
6/10/2012,80
6/11/2012,100
6/12/2012,89
6/13/2012,74
6/14/2012,96
6/15/2012,93
6/16/2012,101
6/17/2012,81
6/18/2012,87
6/19/2012,81
6/20/2012,89
6/21/2012,75
6/22/2012,101
6/23/2012,95
6/24/2012,70
6/25/2012,85
6/26/2012,82
6/27/2012,77
6/28/2012,84
6/29/2012,104
6/30/2012,62
7/1/2012,92
7/2/2012,92
7/3/2012,74
7/4/2012,68
7/5/2012,73
7/6/2012,61
7/7/2012,76
7/8/2012,72
7/9/2012,89
7/10/2012,107
7/11/2012,77
7/12/2012,94
7/13/2012,88
7/14/2012,68
7/15/2012,71
7/16/2012,74
7/17/2012,93
7/18/2012,86
7/19/2012,86
7/20/2012,104
7/21/2012,81
7/22/2012,80
7/23/2012,100
7/24/2012,82
7/25/2012,98
7/26/2012,92
7/27/2012,96
7/28/2012,92
7/29/2012,82
7/30/2012,95
7/31/2012,85
8/1/2012,111
8/2/2012,80
8/3/2012,94
8/4/2012,102
8/5/2012,68
8/6/2012,86
8/7/2012,76
8/8/2012,75
8/9/2012,79
8/10/2012,98
8/11/2012,68
8/12/2012,60
8/13/2012,79
8/14/2012,74
8/15/2012,87
8/16/2012,79
8/17/2012,97
8/18/2012,92
8/19/2012,76
8/20/2012,90
8/21/2012,90
8/22/2012,71
8/23/2012,86
8/24/2012,90
8/25/2012,89
8/26/2012,69
8/27/2012,83
8/28/2012,66
8/29/2012,76
8/30/2012,101
8/31/2012,110
9/1/2012,100
9/2/2012,77
9/3/2012,72
9/4/2012,76
9/5/2012,67
9/6/2012,77
9/7/2012,106
9/8/2012,89
9/9/2012,77
9/10/2012,82
9/11/2012,64
9/12/2012,107
9/13/2012,79
9/14/2012,89
9/15/2012,95
9/16/2012,74
9/17/2012,74
9/18/2012,78
9/19/2012,72
9/20/2012,83
9/21/2012,90
9/22/2012,74
9/23/2012,61
9/24/2012,76
9/25/2012,76
9/26/2012,76
9/27/2012,71
9/28/2012,92
9/29/2012,93
9/30/2012,60
10/1/2012,79
10/2/2012,57
10/3/2012,75
10/4/2012,76
10/5/2012,104
10/6/2012,92
10/7/2012,87
10/8/2012,66
10/9/2012,71
10/10/2012,75
10/11/2012,85
10/12/2012,106
10/13/2012,94
10/14/2012,75
10/15/2012,96
10/16/2012,71
10/17/2012,70
10/18/2012,77
10/19/2012,83
10/20/2012,73
10/21/2012,59
10/22/2012,70
10/23/2012,79
10/24/2012,75
10/25/2012,100
10/26/2012,81
10/27/2012,77
10/28/2012,72
10/29/2012,80
10/30/2012,85
10/31/2012,88
11/1/2012,89
11/2/2012,90
11/3/2012,86
11/4/2012,73
11/5/2012,80
11/6/2012,88
11/7/2012,78
11/8/2012,81
11/9/2012,77
11/10/2012,75
11/11/2012,72
11/12/2012,73
11/13/2012,86
11/14/2012,80
11/15/2012,79
11/16/2012,96
11/17/2012,77
11/18/2012,69
11/19/2012,85
11/20/2012,81
11/21/2012,67
11/22/2012,49
11/23/2012,72
11/24/2012,77
11/25/2012,75
11/26/2012,81
11/27/2012,61
11/28/2012,80
11/29/2012,71
11/30/2012,76
12/1/2012,85
12/2/2012,76
12/3/2012,71
12/4/2012,73
12/5/2012,77
12/6/2012,75
12/7/2012,87
12/8/2012,79
12/9/2012,53
12/10/2012,87
12/11/2012,72
12/12/2012,83
12/13/2012,96
12/14/2012,86
12/15/2012,95
12/16/2012,58
12/17/2012,96
12/18/2012,95
12/19/2012,90
12/20/2012,101
12/21/2012,77
12/22/2012,84
12/23/2012,61
12/24/2012,92
12/25/2012,44
12/26/2012,59
12/27/2012,78
12/28/2012,86
12/29/2012,85
12/30/2012,82
12/31/2012,94
1/1/2013,89
1/2/2013,90
1/3/2013,80
1/4/2013,106
1/5/2013,81
1/6/2013,54
1/7/2013,93
1/8/2013,78
1/9/2013,82
1/10/2013,63
1/11/2013,79
1/12/2013,69
1/13/2013,80
1/14/2013,68
1/15/2013,84
1/16/2013,65
1/17/2013,80
1/18/2013,84
1/19/2013,87
1/20/2013,106
1/21/2013,70
1/22/2013,72
1/23/2013,61
1/24/2013,73
1/25/2013,84
1/26/2013,101
1/27/2013,70
1/28/2013,85
1/29/2013,83
1/30/2013,76
1/31/2013,74
2/1/2013,81
2/2/2013,69
2/3/2013,70
2/4/2013,75
2/5/2013,67
2/6/2013,56
2/7/2013,70
2/8/2013,71
2/9/2013,57
2/10/2013,46
2/11/2013,71
2/12/2013,49
2/13/2013,68
2/14/2013,70
2/15/2013,75
2/16/2013,53
2/17/2013,56
2/18/2013,70
2/19/2013,76
2/20/2013,56
2/21/2013,73
2/22/2013,91
2/23/2013,78
2/24/2013,45
2/25/2013,53
2/26/2013,57
2/27/2013,71
2/28/2013,60
3/1/2013,101
3/2/2013,46
3/3/2013,40
3/4/2013,58
3/5/2013,68
3/6/2013,55
3/7/2013,59
3/8/2013,71
3/9/2013,79
3/10/2013,54
3/11/2013,76
3/12/2013,74
3/13/2013,74
3/14/2013,70
3/15/2013,80
3/16/2013,75
3/17/2013,67
3/18/2013,50
3/19/2013,75
3/20/2013,63
3/21/2013,67
3/22/2013,79
3/23/2013,66
3/24/2013,66
3/25/2013,55
3/26/2013,66
3/27/2013,57
3/28/2013,68
3/29/2013,78
3/30/2013,83
3/31/2013,44
4/1/2013,73
4/2/2013,57
4/3/2013,69
4/4/2013,69
4/5/2013,73
4/6/2013,97
4/7/2013,72
4/8/2013,77
4/9/2013,63
4/10/2013,73
4/11/2013,85
4/12/2013,82
4/13/2013,73
4/14/2013,55
4/15/2013,61
4/16/2013,78
4/17/2013,86
4/18/2013,65
4/19/2013,86
4/20/2013,76
4/21/2013,64
4/22/2013,83
4/23/2013,80
4/24/2013,82
4/25/2013,93
4/26/2013,75
4/27/2013,91
4/28/2013,47
4/29/2013,72
4/30/2013,77
5/1/2013,94
5/2/2013,80
5/3/2013,103
5/4/2013,95
5/5/2013,80
5/6/2013,84
5/7/2013,85
5/8/2013,84
5/9/2013,100
5/10/2013,97
5/11/2013,64
5/12/2013,63
5/13/2013,82
5/14/2013,72
5/15/2013,90
5/16/2013,75
5/17/2013,89
5/18/2013,76
5/19/2013,64
5/20/2013,74
5/21/2013,66
5/22/2013,62
5/23/2013,96
5/24/2013,78
5/25/2013,92
5/26/2013,65
5/27/2013,73
5/28/2013,86
5/29/2013,85
5/30/2013,78
5/31/2013,90
6/1/2013,91
6/2/2013,62
6/3/2013,78
6/4/2013,75
6/5/2013,85
6/6/2013,84
6/7/2013,98
6/8/2013,88
6/9/2013,56
6/10/2013,85
6/11/2013,74
6/12/2013,84
6/13/2013,86
6/14/2013,106
6/15/2013,103
6/16/2013,86
6/17/2013,73
6/18/2013,79
6/19/2013,91
6/20/2013,88
6/21/2013,74
6/22/2013,89
6/23/2013,81
6/24/2013,77
6/25/2013,95
6/26/2013,73
6/27/2013,72
6/28/2013,100
6/29/2013,78
6/30/2013,70
7/1/2013,97
7/2/2013,69
7/3/2013,84
7/4/2013,64
7/5/2013,73
7/6/2013,71
7/7/2013,65
7/8/2013,73
7/9/2013,77
7/10/2013,88
7/11/2013,74
7/12/2013,100
7/13/2013,100
7/14/2013,86
7/15/2013,88
7/16/2013,81
7/17/2013,77
7/18/2013,93
7/19/2013,93
7/20/2013,80
7/21/2013,73
7/22/2013,101
7/23/2013,84
7/24/2013,107
7/25/2013,95
7/26/2013,96
7/27/2013,85
7/28/2013,80
7/29/2013,80
7/30/2013,100
7/31/2013,74
8/1/2013,89
8/2/2013,84
8/3/2013,87
8/4/2013,69
8/5/2013,80
8/6/2013,73
8/7/2013,78
8/8/2013,87
8/9/2013,101
8/10/2013,73
8/11/2013,57
8/12/2013,67
8/13/2013,78
8/14/2013,90
8/15/2013,86
8/16/2013,81
8/17/2013,72
8/18/2013,73
8/19/2013,74
8/20/2013,89
8/21/2013,71
8/22/2013,66
8/23/2013,85
8/24/2013,91
8/25/2013,67
8/26/2013,67
8/27/2013,80
8/28/2013,81
8/29/2013,79
8/30/2013,93
8/31/2013,96
9/1/2013,84
9/2/2013,83
9/3/2013,74
9/4/2013,72
9/5/2013,76
9/6/2013,85
9/7/2013,91
9/8/2013,58
9/9/2013,82
9/10/2013,74
9/11/2013,94
9/12/2013,72
9/13/2013,101
9/14/2013,83
9/15/2013,73
9/16/2013,74
9/17/2013,67
9/18/2013,61
9/19/2013,83
9/20/2013,110
9/21/2013,75
9/22/2013,55
9/23/2013,74
9/24/2013,82
9/25/2013,76
9/26/2013,85
9/27/2013,83
9/28/2013,100
9/29/2013,82
9/30/2013,68
10/1/2013,94
10/2/2013,60
10/3/2013,66
10/4/2013,86
10/5/2013,75
10/6/2013,60
10/7/2013,80
10/8/2013,69
10/9/2013,80
10/10/2013,65
10/11/2013,84
10/12/2013,92
10/13/2013,67
10/14/2013,65
10/15/2013,85
10/16/2013,72
10/17/2013,72
10/18/2013,89
10/19/2013,56
10/20/2013,51
10/21/2013,81
10/22/2013,69
10/23/2013,63
10/24/2013,78
10/25/2013,79
10/26/2013,93
10/27/2013,66
10/28/2013,74
10/29/2013,76
10/30/2013,65
10/31/2013,76
11/1/2013,95
11/2/2013,70
11/3/2013,43
11/4/2013,53
11/5/2013,75
11/6/2013,73
11/7/2013,61
11/8/2013,76
11/9/2013,64
11/10/2013,57
11/11/2013,77
11/12/2013,70
11/13/2013,57
11/14/2013,68
11/15/2013,89
11/16/2013,58
11/17/2013,61
11/18/2013,61
11/19/2013,62
11/20/2013,87
11/21/2013,74
11/22/2013,76
11/23/2013,68
11/24/2013,70
11/25/2013,72
11/26/2013,83
11/27/2013,69
11/28/2013,50
11/29/2013,77
11/30/2013,79
12/1/2013,80
12/2/2013,81
12/3/2013,64
12/4/2013,64
12/5/2013,71
12/6/2013,81
12/7/2013,76
12/8/2013,71
12/9/2013,84
12/10/2013,68
12/11/2013,48
12/12/2013,90
12/13/2013,85
12/14/2013,97
12/15/2013,77
12/16/2013,60
12/17/2013,65
12/18/2013,74
12/19/2013,70
12/20/2013,109
12/21/2013,83
12/22/2013,64
12/23/2013,91
12/24/2013,73
12/25/2013,35
12/26/2013,66
12/27/2013,72
12/28/2013,53
12/29/2013,62
12/30/2013,62
12/31/2013,84
1/1/2014,69
1/2/2014,63
1/3/2014,65
1/4/2014,67
1/5/2014,62
1/6/2014,64
1/7/2014,51
1/8/2014,71
1/9/2014,84
1/10/2014,90
1/11/2014,68
1/12/2014,67
1/13/2014,66
1/14/2014,80
1/15/2014,67
1/16/2014,69
1/17/2014,85
1/18/2014,75
1/19/2014,77
1/20/2014,60
1/21/2014,73
1/22/2014,52
1/23/2014,51
1/24/2014,57
1/25/2014,86
1/26/2014,61
1/27/2014,63
1/28/2014,72
1/29/2014,29
1/30/2014,39
1/31/2014,75
2/1/2014,73
2/2/2014,58
2/3/2014,68
2/4/2014,64
2/5/2014,66
2/6/2014,77
2/7/2014,78
2/8/2014,67
2/9/2014,40
2/10/2014,75
2/11/2014,53
2/12/2014,27
2/13/2014,48
2/14/2014,51
2/15/2014,63
2/16/2014,49
2/17/2014,56
2/18/2014,69
2/19/2014,53
2/20/2014,76
2/21/2014,65
2/22/2014,64
2/23/2014,51
2/24/2014,54
2/25/2014,65
2/26/2014,65
2/27/2014,32
2/28/2014,68
3/1/2014,54
3/2/2014,45
3/3/2014,54
3/4/2014,55
3/5/2014,63
3/6/2014,46
3/7/2014,48
3/8/2014,54
3/9/2014,53
3/10/2014,65
3/11/2014,52
3/12/2014,74
3/13/2014,64
3/14/2014,47
3/15/2014,73
3/16/2014,52
3/17/2014,65
3/18/2014,72
3/19/2014,62
3/20/2014,50
3/21/2014,67
3/22/2014,72
3/23/2014,57
3/24/2014,65
3/25/2014,70
3/26/2014,61
3/27/2014,68
3/28/2014,75
3/29/2014,71
3/30/2014,70
3/31/2014,50
4/1/2014,66
4/2/2014,68
4/3/2014,62
4/4/2014,67
4/5/2014,70
4/6/2014,73
4/7/2014,79
4/8/2014,82
4/9/2014,60
4/10/2014,86
4/11/2014,72
4/12/2014,76
4/13/2014,50
4/14/2014,72
4/15/2014,75
4/16/2014,65
4/17/2014,80
4/18/2014,74
4/19/2014,65
4/20/2014,56
4/21/2014,72
4/22/2014,78
4/23/2014,71
4/24/2014,64
4/25/2014,76
4/26/2014,82
4/27/2014,56
4/28/2014,74
4/29/2014,69
4/30/2014,62
5/1/2014,75
5/2/2014,64
5/3/2014,69
5/4/2014,60
5/5/2014,63
5/6/2014,61
5/7/2014,68
5/8/2014,74
5/9/2014,75
5/10/2014,81
5/11/2014,54
5/12/2014,67
5/13/2014,70
5/14/2014,73
5/15/2014,78
5/16/2014,71
5/17/2014,56
5/18/2014,58
5/19/2014,68
5/20/2014,65
5/21/2014,71
5/22/2014,62
5/23/2014,89
5/24/2014,69
5/25/2014,54
5/26/2014,69
5/27/2014,68
5/28/2014,77
5/29/2014,70
5/30/2014,65
5/31/2014,77
6/1/2014,74
6/2/2014,80
6/3/2014,59
6/4/2014,73
6/5/2014,71
6/6/2014,81
6/7/2014,107
6/8/2014,72
6/9/2014,80
6/10/2014,77
6/11/2014,70
6/12/2014,76
6/13/2014,92
6/14/2014,111
6/15/2014,68
6/16/2014,71
6/17/2014,80
6/18/2014,67
6/19/2014,78
6/20/2014,83
6/21/2014,61
6/22/2014,77
6/23/2014,87
6/24/2014,78
6/25/2014,63
6/26/2014,74
6/27/2014,77
6/28/2014,93
6/29/2014,79
6/30/2014,83
7/1/2014,97
7/2/2014,78
7/3/2014,89
7/4/2014,64
7/5/2014,74
7/6/2014,67
7/7/2014,82
7/8/2014,71
7/9/2014,69
7/10/2014,82
7/11/2014,89
7/12/2014,88
7/13/2014,75
7/14/2014,95
7/15/2014,97
7/16/2014,83
7/17/2014,66
7/18/2014,72
7/19/2014,70
7/20/2014,84
7/21/2014,83
7/22/2014,77
7/23/2014,72
7/24/2014,90
7/25/2014,81
7/26/2014,85
7/27/2014,73
7/28/2014,74
7/29/2014,52
7/30/2014,66
7/31/2014,70
8/1/2014,98
8/2/2014,84
8/3/2014,70
8/4/2014,72
8/5/2014,62
8/6/2014,66
8/7/2014,69
8/8/2014,72
8/9/2014,81
8/10/2014,62
8/11/2014,71
8/12/2014,86
8/13/2014,73
8/14/2014,62
8/15/2014,81
8/16/2014,63
8/17/2014,71
8/18/2014,83
8/19/2014,68
8/20/2014,81
8/21/2014,93
8/22/2014,72
8/23/2014,72
8/24/2014,67
8/25/2014,66
8/26/2014,75
8/27/2014,65
8/28/2014,76
8/29/2014,75
8/30/2014,82
8/31/2014,74
9/1/2014,87
9/2/2014,69
9/3/2014,71
9/4/2014,78
9/5/2014,62
9/6/2014,83
9/7/2014,70
9/8/2014,83
9/9/2014,74
9/10/2014,87
9/11/2014,65
9/12/2014,73
9/13/2014,66
9/14/2014,75
9/15/2014,72
9/16/2014,61
9/17/2014,60
9/18/2014,62
9/19/2014,91
9/20/2014,99
9/21/2014,77
9/22/2014,75
9/23/2014,63
9/24/2014,72
9/25/2014,55
9/26/2014,77
9/27/2014,85
9/28/2014,81
9/29/2014,61
9/30/2014,60
10/1/2014,85
10/2/2014,70
10/3/2014,89
10/4/2014,78
10/5/2014,43
10/6/2014,73
10/7/2014,68
10/8/2014,74
10/9/2014,80
10/10/2014,98
10/11/2014,90
10/12/2014,77
10/13/2014,75
10/14/2014,74
10/15/2014,77
10/16/2014,70
10/17/2014,77
10/18/2014,77
10/19/2014,62
10/20/2014,81
10/21/2014,64
10/22/2014,67
10/23/2014,69
10/24/2014,101
10/25/2014,63
10/26/2014,54
10/27/2014,80
10/28/2014,71
10/29/2014,90
10/30/2014,72
10/31/2014,77
11/1/2014,108
11/2/2014,65
11/3/2014,70
11/4/2014,77
11/5/2014,81
11/6/2014,71
11/7/2014,93
11/8/2014,107
11/9/2014,78
11/10/2014,90
11/11/2014,68
11/12/2014,105
11/13/2014,79
11/14/2014,78
11/15/2014,109
11/16/2014,73
11/17/2014,75
11/18/2014,94
11/19/2014,76
11/20/2014,81
11/21/2014,83
11/22/2014,99
11/23/2014,82
11/24/2014,84
11/25/2014,78
11/26/2014,90
11/27/2014,52
11/28/2014,79
11/29/2014,63
11/30/2014,66
12/1/2014,64
12/2/2014,94
12/3/2014,76
12/4/2014,61
12/5/2014,107
12/6/2014,92
12/7/2014,53
12/8/2014,75
12/9/2014,82
12/10/2014,86
12/11/2014,90
12/12/2014,120
12/13/2014,97
12/14/2014,77
12/15/2014,98
12/16/2014,111
12/17/2014,74
12/18/2014,82
12/19/2014,87
12/20/2014,87
12/21/2014,82
12/22/2014,90
12/23/2014,84
12/24/2014,85
12/25/2014,37
12/26/2014,73
12/27/2014,85
12/28/2014,70
12/29/2014,71
12/30/2014,87
12/31/2014,86
1/1/2015,72
1/2/2015,77
1/3/2015,67
1/4/2015,68
1/5/2015,77
1/6/2015,62
1/7/2015,48
1/8/2015,55
1/9/2015,81
1/10/2015,63
1/11/2015,67
1/12/2015,88
1/13/2015,56
1/14/2015,57
1/15/2015,97
1/16/2015,79
1/17/2015,82
1/18/2015,66
1/19/2015,78
1/20/2015,69
1/21/2015,64
1/22/2015,68
1/23/2015,55
1/24/2015,91
1/25/2015,61
1/26/2015,67
1/27/2015,62
1/28/2015,79
1/29/2015,65
1/30/2015,63
1/31/2015,75
2/1/2015,74
2/2/2015,71
2/3/2015,59
2/4/2015,65
2/5/2015,51
2/6/2015,55
2/7/2015,76
2/8/2015,54
2/9/2015,62
2/10/2015,64
2/11/2015,63
2/12/2015,62
2/13/2015,66
2/14/2015,51
2/15/2015,34
2/16/2015,37
2/17/2015,47
2/18/2015,41
2/19/2015,38
2/20/2015,68
2/21/2015,59
2/22/2015,48
2/23/2015,53
2/24/2015,58
2/25/2015,38
2/26/2015,45
2/27/2015,74
2/28/2015,68
3/1/2015,60
3/2/2015,58
3/3/2015,53
3/4/2015,74
3/5/2015,80
3/6/2015,78
3/7/2015,59
3/8/2015,65
3/9/2015,66
3/10/2015,51
3/11/2015,44
3/12/2015,61
3/13/2015,68
3/14/2015,67
3/15/2015,57
3/16/2015,74
3/17/2015,47
3/18/2015,50
3/19/2015,58
3/20/2015,54
3/21/2015,58
3/22/2015,64
3/23/2015,52
3/24/2015,82
3/25/2015,59
3/26/2015,50
3/27/2015,72
3/28/2015,73
3/29/2015,59
3/30/2015,68
3/31/2015,46
4/1/2015,88
4/2/2015,65
4/3/2015,65
4/4/2015,60
4/5/2015,35
4/6/2015,68
4/7/2015,64
4/8/2015,71
4/9/2015,68
4/10/2015,72
4/11/2015,60
4/12/2015,54
4/13/2015,59
4/14/2015,78
4/15/2015,62
4/16/2015,63
4/17/2015,65
4/18/2015,62
4/19/2015,62
4/20/2015,79
4/21/2015,56
4/22/2015,63
4/23/2015,57
4/24/2015,69
4/25/2015,92
4/26/2015,52
4/27/2015,51
4/28/2015,58
4/29/2015,55
4/30/2015,65
5/1/2015,90
5/2/2015,70
5/3/2015,70
5/4/2015,66
5/5/2015,71
5/6/2015,87
5/7/2015,74
5/8/2015,75
5/9/2015,72
5/10/2015,70
5/11/2015,67
5/12/2015,87
5/13/2015,84
5/14/2015,70
5/15/2015,67
5/16/2015,79
5/17/2015,67
5/18/2015,92
5/19/2015,82
5/20/2015,72
5/21/2015,75
5/22/2015,84
5/23/2015,82
5/24/2015,72
5/25/2015,74
5/26/2015,71
5/27/2015,77
5/28/2015,84
5/29/2015,62
5/30/2015,80
5/31/2015,56
6/1/2015,63
6/2/2015,64
6/3/2015,66
6/4/2015,69
6/5/2015,95
6/6/2015,87
6/7/2015,83
6/8/2015,77
6/9/2015,73
6/10/2015,66
6/11/2015,76
6/12/2015,84
6/13/2015,76
6/14/2015,68
6/15/2015,63
6/16/2015,86
6/17/2015,62
6/18/2015,68
6/19/2015,83
6/20/2015,97
6/21/2015,79
6/22/2015,69
6/23/2015,102
6/24/2015,67
6/25/2015,88
6/26/2015,110
6/27/2015,102
6/28/2015,76
6/29/2015,67
6/30/2015,77
7/1/2015,90
7/2/2015,105
7/3/2015,78
7/4/2015,56
7/5/2015,52
7/6/2015,85
7/7/2015,70
7/8/2015,63
7/9/2015,59
7/10/2015,70
7/11/2015,80
7/12/2015,59
7/13/2015,89
7/14/2015,77
7/15/2015,79
7/16/2015,80
7/17/2015,81
7/18/2015,91
7/19/2015,79
7/20/2015,55
7/21/2015,69
7/22/2015,76
7/23/2015,54
7/24/2015,67
7/25/2015,82
7/26/2015,56
7/27/2015,86
7/28/2015,66
7/29/2015,71
7/30/2015,71
7/31/2015,76
8/1/2015,87
8/2/2015,65
8/3/2015,84
8/4/2015,74
8/5/2015,62
8/6/2015,74
8/7/2015,79
8/8/2015,67
8/9/2015,61
8/10/2015,85
8/11/2015,67
8/12/2015,75
8/13/2015,70
8/14/2015,89
8/15/2015,81
8/16/2015,71
8/17/2015,76
8/18/2015,81
8/19/2015,65
8/20/2015,75
8/21/2015,77
8/22/2015,87
8/23/2015,74
8/24/2015,74
8/25/2015,97
8/26/2015,70
8/27/2015,86
8/28/2015,99
8/29/2015,86
8/30/2015,79
8/31/2015,89
9/1/2015,76
9/2/2015,60
9/3/2015,61
9/4/2015,87
9/5/2015,101
9/6/2015,85
9/7/2015,77
9/8/2015,92
9/9/2015,76
9/10/2015,72
9/11/2015,87
9/12/2015,91
9/13/2015,62
9/14/2015,74
9/15/2015,82
9/16/2015,75
9/17/2015,66
9/18/2015,83
9/19/2015,65
9/20/2015,78
9/21/2015,64
9/22/2015,70
9/23/2015,70
9/24/2015,79
9/25/2015,70
9/26/2015,81
9/27/2015,72
9/28/2015,81
9/29/2015,79
9/30/2015,65
10/1/2015,68
10/2/2015,74
10/3/2015,71
10/4/2015,75
10/5/2015,72
10/6/2015,67
10/7/2015,72
10/8/2015,81
10/9/2015,94
10/10/2015,104
10/11/2015,75
10/12/2015,65
10/13/2015,59
10/14/2015,66
10/15/2015,68
10/16/2015,57
10/17/2015,77
10/18/2015,58
10/19/2015,77
10/20/2015,65
10/21/2015,85
10/22/2015,75
10/23/2015,95
10/24/2015,104
10/25/2015,58
10/26/2015,80
10/27/2015,85
10/28/2015,68
10/29/2015,65
10/30/2015,71
10/31/2015,81
11/1/2015,66
11/2/2015,52
11/3/2015,73
11/4/2015,105
11/5/2015,57
11/6/2015,71
11/7/2015,86
11/8/2015,54
11/9/2015,81
11/10/2015,74
11/11/2015,48
11/12/2015,72
11/13/2015,84
11/14/2015,53
11/15/2015,60
11/16/2015,70
11/17/2015,84
11/18/2015,82
11/19/2015,38
11/20/2015,72
11/21/2015,65
11/22/2015,62
11/23/2015,74
11/24/2015,58
11/25/2015,78
11/26/2015,43
11/27/2015,88
11/28/2015,77
11/29/2015,60
11/30/2015,69
12/1/2015,72
12/2/2015,77
12/3/2015,69
12/4/2015,77
12/5/2015,62
12/6/2015,67
12/7/2015,60
12/8/2015,68
12/9/2015,62
12/10/2015,74
12/11/2015,83
12/12/2015,57
12/13/2015,80
12/14/2015,78
12/15/2015,76
12/16/2015,83
12/17/2015,68
12/18/2015,68
12/19/2015,68
12/20/2015,69
12/21/2015,69
12/22/2015,71
12/23/2015,66
12/24/2015,67
12/25/2015,37
12/26/2015,49
12/27/2015,55
12/28/2015,51
12/29/2015,66
12/30/2015,70
12/31/2015,68
1/1/2016,68
1/2/2016,71
1/3/2016,55
1/4/2016,60
1/5/2016,64
1/6/2016,59
1/7/2016,69
1/8/2016,64
1/9/2016,70
1/10/2016,58
1/11/2016,54
1/12/2016,59
1/13/2016,74
1/14/2016,53
1/15/2016,72
1/16/2016,71
1/17/2016,64
1/18/2016,68
1/19/2016,55
1/20/2016,52
1/21/2016,58
1/22/2016,46
1/23/2016,69
1/24/2016,58
1/25/2016,79
1/26/2016,63
1/27/2016,75
1/28/2016,72
1/29/2016,81
1/30/2016,82
1/31/2016,68
2/1/2016,80
2/2/2016,56
2/3/2016,60
2/4/2016,57
2/5/2016,67
2/6/2016,74
2/7/2016,78
2/8/2016,66
2/9/2016,43
2/10/2016,46
2/11/2016,47
2/12/2016,82
2/13/2016,58
2/14/2016,56
2/15/2016,43
2/16/2016,60
2/17/2016,46
2/18/2016,71
2/19/2016,64
2/20/2016,68
2/21/2016,43
2/22/2016,61
2/23/2016,57
2/24/2016,57
2/25/2016,82
2/26/2016,55
2/27/2016,61
2/28/2016,54
2/29/2016,40
3/1/2016,50
3/2/2016,45
3/3/2016,60
3/4/2016,54
3/5/2016,72
3/6/2016,53
3/7/2016,65
3/8/2016,71
3/9/2016,57
3/10/2016,61
3/11/2016,69
3/12/2016,66
3/13/2016,57
3/14/2016,62
3/15/2016,56
3/16/2016,63
3/17/2016,45
3/18/2016,57
3/19/2016,66
3/20/2016,58
3/21/2016,40
3/22/2016,61
3/23/2016,54
3/24/2016,56
3/25/2016,63
3/26/2016,59
3/27/2016,41
3/28/2016,55
3/29/2016,65
3/30/2016,58
3/31/2016,58
4/1/2016,93
4/2/2016,67
4/3/2016,54
4/4/2016,63
4/5/2016,95
4/6/2016,81
4/7/2016,76
4/8/2016,64
4/9/2016,65
4/10/2016,55
4/11/2016,44
4/12/2016,70
4/13/2016,51
4/14/2016,51
4/15/2016,63
4/16/2016,62
4/17/2016,56
4/18/2016,54
4/19/2016,61
4/20/2016,74
4/21/2016,60
4/22/2016,75
4/23/2016,63
4/24/2016,49
4/25/2016,56
4/26/2016,58
4/27/2016,77
4/28/2016,74
4/29/2016,78
4/30/2016,52
5/1/2016,72
5/2/2016,60
5/3/2016,61
5/4/2016,63
5/5/2016,56
5/6/2016,65
5/7/2016,71
5/8/2016,51
5/9/2016,71
5/10/2016,64
5/11/2016,71
5/12/2016,78
5/13/2016,81
5/14/2016,85
5/15/2016,69
5/16/2016,78
5/17/2016,65
5/18/2016,85
5/19/2016,74
5/20/2016,66
5/21/2016,81
5/22/2016,64
5/23/2016,78
5/24/2016,62
5/25/2016,56
5/26/2016,60
5/27/2016,64
5/28/2016,56
5/29/2016,61
5/30/2016,82
5/31/2016,82
6/1/2016,77
6/2/2016,64
6/3/2016,60
6/4/2016,75
6/5/2016,44
6/6/2016,65
6/7/2016,64
6/8/2016,71
6/9/2016,57
6/10/2016,59
6/11/2016,80
6/12/2016,74
6/13/2016,79
6/14/2016,60
6/15/2016,78
6/16/2016,80
6/17/2016,84
6/18/2016,69
6/19/2016,73
6/20/2016,63
6/21/2016,72
6/22/2016,75
6/23/2016,65
6/24/2016,53
6/25/2016,60
6/26/2016,63
6/27/2016,79
6/28/2016,67
6/29/2016,78
6/30/2016,60
7/1/2016,84
7/2/2016,51
7/3/2016,76
7/4/2016,61
7/5/2016,80
7/6/2016,69
7/7/2016,77
7/8/2016,70
7/9/2016,63
7/10/2016,60
7/11/2016,67
7/12/2016,65
7/13/2016,59
7/14/2016,77
7/15/2016,66
7/16/2016,64
7/17/2016,58
7/18/2016,79
7/19/2016,78
7/20/2016,75
7/21/2016,83
7/22/2016,73
7/23/2016,64
7/24/2016,70
7/25/2016,82
7/26/2016,75
7/27/2016,77
7/28/2016,79
7/29/2016,76
7/30/2016,90
7/31/2016,64
8/1/2016,92
8/2/2016,86
8/3/2016,76
8/4/2016,79
8/5/2016,71
8/6/2016,59
8/7/2016,62
8/8/2016,92
8/9/2016,66
8/10/2016,65
8/11/2016,62
8/12/2016,71
8/13/2016,88
8/14/2016,63
8/15/2016,67
8/16/2016,82
8/17/2016,56
8/18/2016,69
8/19/2016,88
8/20/2016,87
8/21/2016,68
8/22/2016,79
8/23/2016,75
8/24/2016,51
8/25/2016,66
8/26/2016,79
8/27/2016,76
8/28/2016,63
8/29/2016,72
8/30/2016,76
8/31/2016,67
9/1/2016,79
9/2/2016,74
9/3/2016,84
9/4/2016,64
9/5/2016,69
9/6/2016,70
9/7/2016,62
9/8/2016,63
9/9/2016,77
9/10/2016,86
9/11/2016,86
9/12/2016,90
9/13/2016,72
9/14/2016,74
9/15/2016,70
9/16/2016,93
9/17/2016,91
9/18/2016,83
9/19/2016,91
9/20/2016,72
9/21/2016,78
9/22/2016,75
9/23/2016,68
9/24/2016,65
9/25/2016,63
9/26/2016,64
9/27/2016,74
9/28/2016,82
9/29/2016,73
9/30/2016,72
10/1/2016,73
10/2/2016,82
10/3/2016,80
10/4/2016,71
10/5/2016,90
10/6/2016,82
10/7/2016,77
10/8/2016,87
10/9/2016,69
10/10/2016,87
10/11/2016,80
10/12/2016,71
10/13/2016,71
10/14/2016,60
10/15/2016,87
10/16/2016,68
10/17/2016,89
10/18/2016,68
10/19/2016,73
10/20/2016,71
10/21/2016,81
10/22/2016,63
10/23/2016,58
10/24/2016,71
10/25/2016,64
10/26/2016,64
10/27/2016,69
10/28/2016,73
10/29/2016,78
10/30/2016,58
10/31/2016,66
11/1/2016,70
11/2/2016,76
11/3/2016,65
11/4/2016,61
11/5/2016,82
11/6/2016,56
11/7/2016,50
11/8/2016,53
11/9/2016,65
11/10/2016,54
11/11/2016,81
11/12/2016,57
11/13/2016,60
11/14/2016,67
11/15/2016,59
11/16/2016,57
11/17/2016,50
11/18/2016,80
11/19/2016,72
11/20/2016,69
11/21/2016,54
11/22/2016,52
11/23/2016,58
11/24/2016,38
11/25/2016,66
11/26/2016,76
11/27/2016,43
11/28/2016,77
11/29/2016,67
11/30/2016,66
12/1/2016,82
12/2/2016,84
12/3/2016,71
12/4/2016,52
12/5/2016,70
12/6/2016,69
12/7/2016,81
12/8/2016,71
12/9/2016,67
12/10/2016,78
12/11/2016,55
12/12/2016,78
12/13/2016,72
12/14/2016,71
12/15/2016,88
12/16/2016,88
12/17/2016,69
12/18/2016,65
12/19/2016,88
12/20/2016,72
12/21/2016,80
12/22/2016,94
12/23/2016,82
12/24/2016,75
12/25/2016,47
12/26/2016,52
12/27/2016,58
12/28/2016,64
12/29/2016,59
12/30/2016,69
12/31/2016,80
1/1/2017,63
1/2/2017,59
1/3/2017,63
1/4/2017,61
1/5/2017,69
1/6/2017,48
1/7/2017,52
1/8/2017,46
1/9/2017,56
1/10/2017,64
1/11/2017,66
1/12/2017,45
1/13/2017,62
1/14/2017,68
1/15/2017,51
1/16/2017,69
1/17/2017,58
1/18/2017,63
1/19/2017,48
1/20/2017,50
1/21/2017,68
1/22/2017,63
1/23/2017,61
1/24/2017,60
1/25/2017,57
1/26/2017,55
1/27/2017,69
1/28/2017,67
1/29/2017,55
1/30/2017,53
1/31/2017,56
2/1/2017,56
2/2/2017,50
2/3/2017,62
2/4/2017,49
2/5/2017,55
2/6/2017,56
2/7/2017,60
2/8/2017,38
2/9/2017,61
2/10/2017,59
2/11/2017,48
2/12/2017,56
2/13/2017,72
2/14/2017,51
2/15/2017,65
2/16/2017,60
2/17/2017,55
2/18/2017,57
2/19/2017,66
2/20/2017,60
2/21/2017,52
2/22/2017,45
2/23/2017,44
2/24/2017,49
2/25/2017,53
2/26/2017,40
2/27/2017,54
2/28/2017,49
3/1/2017,54
3/2/2017,40
3/3/2017,47
3/4/2017,61
3/5/2017,46
3/6/2017,47
3/7/2017,47
3/8/2017,51
3/9/2017,34
3/10/2017,60
3/11/2017,51
3/12/2017,37
3/13/2017,45
3/14/2017,44
3/15/2017,44
3/16/2017,35
3/17/2017,51
3/18/2017,37
3/19/2017,38
3/20/2017,34
3/21/2017,40
3/22/2017,52
3/23/2017,47
3/24/2017,54
3/25/2017,57
3/26/2017,44
3/27/2017,42
3/28/2017,51
3/29/2017,50
3/30/2017,57
3/31/2017,49
4/1/2017,51
4/2/2017,56
4/3/2017,53
4/4/2017,49
4/5/2017,44
4/6/2017,61
4/7/2017,49
4/8/2017,58
4/9/2017,52
4/10/2017,56
4/11/2017,57
4/12/2017,64
4/13/2017,60
4/14/2017,58
4/15/2017,63
4/16/2017,48
4/17/2017,60
4/18/2017,60
4/19/2017,58
4/20/2017,77
4/21/2017,59
4/22/2017,57
4/23/2017,56
4/24/2017,58
4/25/2017,60
4/26/2017,68
4/27/2017,38
4/28/2017,68
4/29/2017,70
4/30/2017,54
5/1/2017,69
5/2/2017,54
5/3/2017,54
5/4/2017,72
5/5/2017,73
5/6/2017,73
5/7/2017,64
5/8/2017,70
5/9/2017,58
5/10/2017,49
5/11/2017,58
5/12/2017,47
5/13/2017,63
5/14/2017,46
5/15/2017,64
5/16/2017,56
5/17/2017,66
5/18/2017,64
5/19/2017,71
5/20/2017,65
5/21/2017,50
5/22/2017,64
5/23/2017,68
5/24/2017,61
5/25/2017,76
5/26/2017,52
5/27/2017,60
5/28/2017,57
5/29/2017,57
5/30/2017,65
5/31/2017,58
6/1/2017,69
6/2/2017,58
6/3/2017,67
6/4/2017,47
6/5/2017,62
6/6/2017,57
6/7/2017,61
6/8/2017,70
6/9/2017,65
6/10/2017,67
6/11/2017,62
6/12/2017,52
6/13/2017,65
6/14/2017,70
6/15/2017,69
6/16/2017,79
6/17/2017,65
6/18/2017,64
6/19/2017,67
6/20/2017,59
6/21/2017,72
6/22/2017,76
6/23/2017,53
6/24/2017,70
6/25/2017,67
6/26/2017,64
6/27/2017,71
6/28/2017,67
6/29/2017,48
6/30/2017,57
7/1/2017,57
7/2/2017,57
7/3/2017,72
7/4/2017,62
7/5/2017,66
7/6/2017,65
7/7/2017,60
7/8/2017,69
7/9/2017,49
7/10/2017,75
7/11/2017,68
7/12/2017,61
7/13/2017,69
7/14/2017,78
7/15/2017,72
7/16/2017,65
7/17/2017,85
7/18/2017,62
7/19/2017,74
7/20/2017,73
7/21/2017,53
7/22/2017,73
7/23/2017,44
7/24/2017,67
7/25/2017,76
7/26/2017,86
7/27/2017,68
7/28/2017,74
7/29/2017,79
7/30/2017,57
7/31/2017,68
8/1/2017,55
8/2/2017,58
8/3/2017,51
8/4/2017,69
8/5/2017,72
8/6/2017,49
8/7/2017,60
8/8/2017,52
8/9/2017,45
8/10/2017,58
8/11/2017,66
8/12/2017,65
8/13/2017,59
8/14/2017,74
8/15/2017,67
8/16/2017,63
8/17/2017,76
8/18/2017,77
8/19/2017,91
8/20/2017,68
8/21/2017,52
8/22/2017,75
8/23/2017,53
8/24/2017,52
8/25/2017,68
8/26/2017,80
8/27/2017,63
8/28/2017,61
8/29/2017,58
8/30/2017,56
8/31/2017,53
9/1/2017,73
9/2/2017,75
9/3/2017,73
9/4/2017,71
9/5/2017,70
9/6/2017,63
9/7/2017,59
9/8/2017,64
9/9/2017,70
9/10/2017,64
9/11/2017,49
9/12/2017,84
9/13/2017,76
9/14/2017,63
9/15/2017,76
9/16/2017,63
9/17/2017,64
9/18/2017,68
9/19/2017,71
9/20/2017,84
9/21/2017,81
9/22/2017,58
9/23/2017,87
9/24/2017,51
9/25/2017,74
9/26/2017,63
9/27/2017,59
9/28/2017,67
9/29/2017,72
9/30/2017,75
10/1/2017,68
10/2/2017,77
10/3/2017,55
10/4/2017,60
10/5/2017,56
10/6/2017,72
10/7/2017,94
10/8/2017,67
10/9/2017,68
10/10/2017,71
10/11/2017,73
10/12/2017,71
10/13/2017,76
10/14/2017,65
10/15/2017,55
10/16/2017,74
10/17/2017,60
10/18/2017,67
10/19/2017,70
10/20/2017,65
10/21/2017,88
10/22/2017,74
10/23/2017,63
10/24/2017,74
10/25/2017,73
10/26/2017,57
10/27/2017,68
10/28/2017,88
10/29/2017,67
10/30/2017,62
10/31/2017,85
11/1/2017,81
11/2/2017,62
11/3/2017,71
11/4/2017,68
11/5/2017,60
11/6/2017,87
11/7/2017,81
11/8/2017,72
11/9/2017,71
11/10/2017,71
11/11/2017,84
11/12/2017,60
11/13/2017,55
11/14/2017,70
11/15/2017,67
11/16/2017,68
11/17/2017,103
11/18/2017,81
11/19/2017,73
11/20/2017,70
11/21/2017,52
11/22/2017,62
11/23/2017,35
11/24/2017,73
11/25/2017,75
11/26/2017,71
11/27/2017,72
11/28/2017,75
11/29/2017,73
11/30/2017,79
12/1/2017,70
12/2/2017,74
12/3/2017,60
12/4/2017,61
12/5/2017,59
12/6/2017,63
12/7/2017,89
12/8/2017,76
12/9/2017,53
12/10/2017,81
12/11/2017,71
12/12/2017,81
12/13/2017,67
12/14/2017,81
12/15/2017,68
12/16/2017,80
12/17/2017,69
12/18/2017,64
12/19/2017,67
12/20/2017,80
12/21/2017,73
12/22/2017,94
12/23/2017,73
12/24/2017,64
12/25/2017,34
12/26/2017,61
12/27/2017,67
12/28/2017,71
12/29/2017,47
12/30/2017,55
12/31/2017,75
1/1/2018,49
1/2/2018,58
1/3/2018,54
1/4/2018,49
1/5/2018,48
1/6/2018,58
1/7/2018,47
1/8/2018,71
1/9/2018,66
1/10/2018,53
1/11/2018,59
1/12/2018,60
1/13/2018,70
1/14/2018,51
1/15/2018,59
1/16/2018,60
1/17/2018,32
1/18/2018,71
1/19/2018,72
1/20/2018,88
1/21/2018,36
1/22/2018,59
1/23/2018,67
1/24/2018,62
1/25/2018,51
1/26/2018,69
1/27/2018,67
1/28/2018,60
1/29/2018,50
1/30/2018,43
1/31/2018,46
2/1/2018,58
2/2/2018,67
2/3/2018,70
2/4/2018,49
2/5/2018,61
2/6/2018,57
2/7/2018,61
2/8/2018,57
2/9/2018,61
2/10/2018,72
2/11/2018,61
2/12/2018,57
2/13/2018,68
2/14/2018,48
2/15/2018,76
2/16/2018,75
2/17/2018,73
2/18/2018,58
2/19/2018,55
2/20/2018,64
2/21/2018,53
2/22/2018,67
2/23/2018,59
2/24/2018,76
2/25/2018,44
2/26/2018,61
2/27/2018,49
2/28/2018,43
3/1/2018,46
3/2/2018,55
3/3/2018,59
3/4/2018,40
3/5/2018,50
3/6/2018,48
3/7/2018,59
3/8/2018,53
3/9/2018,53
3/10/2018,54
3/11/2018,43
3/12/2018,69
3/13/2018,67
3/14/2018,41
3/15/2018,59
3/16/2018,35
3/17/2018,56
3/18/2018,49
3/19/2018,51
3/20/2018,37
3/21/2018,37
3/22/2018,65
3/23/2018,49
3/24/2018,57
3/25/2018,38
3/26/2018,58
3/27/2018,43
3/28/2018,54
3/29/2018,77
3/30/2018,56
3/31/2018,65
4/1/2018,48
4/2/2018,46
4/3/2018,65
4/4/2018,57
4/5/2018,67
4/6/2018,84
4/7/2018,63
4/8/2018,39
4/9/2018,56
4/10/2018,49
4/11/2018,49
4/12/2018,53
4/13/2018,73
4/14/2018,57
4/15/2018,58
4/16/2018,73
4/17/2018,47
4/18/2018,68
4/19/2018,56
4/20/2018,52
4/21/2018,57
4/22/2018,40
4/23/2018,73
4/24/2018,64
4/25/2018,63
4/26/2018,49
4/27/2018,57
4/28/2018,67
4/29/2018,47
4/30/2018,58
5/1/2018,67
5/2/2018,59
5/3/2018,66
5/4/2018,68
5/5/2018,73
5/6/2018,61
5/7/2018,70
5/8/2018,51
5/9/2018,50
5/10/2018,61
5/11/2018,58
5/12/2018,64
5/13/2018,59
5/14/2018,60
5/15/2018,57
5/16/2018,63
5/17/2018,70
5/18/2018,71
5/19/2018,71
5/20/2018,67
5/21/2018,59
5/22/2018,56
5/23/2018,63
5/24/2018,59
5/25/2018,66
5/26/2018,62
5/27/2018,79
5/28/2018,68
5/29/2018,53
5/30/2018,71
5/31/2018,65
6/1/2018,58
6/2/2018,67
6/3/2018,67
6/4/2018,53
6/5/2018,57
6/6/2018,73
6/7/2018,59
6/8/2018,67
6/9/2018,77
6/10/2018,66
6/11/2018,68
6/12/2018,57
6/13/2018,54
6/14/2018,69
6/15/2018,68
6/16/2018,78
6/17/2018,54
6/18/2018,48
6/19/2018,54
6/20/2018,69
6/21/2018,66
6/22/2018,65
6/23/2018,67
6/24/2018,64
6/25/2018,67
6/26/2018,66
6/27/2018,57
6/28/2018,75
6/29/2018,64
6/30/2018,69
7/1/2018,72
7/2/2018,63
7/3/2018,77
7/4/2018,59
7/5/2018,59
7/6/2018,96
7/7/2018,70
7/8/2018,67
7/9/2018,87
7/10/2018,64
7/11/2018,60
7/12/2018,75
7/13/2018,66
7/14/2018,77
7/15/2018,70
7/16/2018,66
7/17/2018,71
7/18/2018,61
7/19/2018,77
7/20/2018,57
7/21/2018,65
7/22/2018,55
7/23/2018,60
7/24/2018,55
7/25/2018,77
7/26/2018,65
7/27/2018,68
7/28/2018,67
7/29/2018,53
7/30/2018,77
7/31/2018,55
8/1/2018,63
8/2/2018,54
8/3/2018,63
8/4/2018,64
8/5/2018,62
8/6/2018,64
8/7/2018,51
8/8/2018,58
8/9/2018,57
8/10/2018,72
8/11/2018,93
8/12/2018,44
8/13/2018,68
8/14/2018,55
8/15/2018,57
8/16/2018,65
8/17/2018,61
8/18/2018,83
8/19/2018,68
8/20/2018,65
8/21/2018,54
8/22/2018,71
8/23/2018,65
8/24/2018,63
8/25/2018,60
8/26/2018,56
8/27/2018,43
8/28/2018,68
8/29/2018,60
8/30/2018,49
8/31/2018,58
9/1/2018,79
9/2/2018,70
9/3/2018,50
9/4/2018,67
9/5/2018,53
9/6/2018,75
9/7/2018,64
9/8/2018,64
9/9/2018,50
9/10/2018,65
9/11/2018,65
9/12/2018,57
9/13/2018,55
9/14/2018,67
9/15/2018,73
9/16/2018,60
9/17/2018,65
9/18/2018,66
9/19/2018,49
9/20/2018,47
9/21/2018,78
9/22/2018,64
9/23/2018,56
9/24/2018,63
9/25/2018,52
9/26/2018,72
9/27/2018,55
9/28/2018,60
9/29/2018,74
9/30/2018,59
10/1/2018,69
10/2/2018,51
10/3/2018,61
10/4/2018,49
10/5/2018,67
10/6/2018,54
10/7/2018,50
10/8/2018,69
10/9/2018,48
10/10/2018,43
10/11/2018,57
10/12/2018,81
10/13/2018,69
10/14/2018,57
10/15/2018,48
10/16/2018,70
10/17/2018,58
10/18/2018,64
10/19/2018,65
10/20/2018,64
10/21/2018,53
10/22/2018,72
10/23/2018,68
10/24/2018,49
10/25/2018,59
10/26/2018,80
10/27/2018,70
10/28/2018,58
10/29/2018,70
10/30/2018,72
10/31/2018,73
11/1/2018,67
11/2/2018,61
11/3/2018,55
11/4/2018,45
11/5/2018,71
11/6/2018,63
11/7/2018,59
11/8/2018,61
11/9/2018,79
11/10/2018,73
11/11/2018,48
11/12/2018,56
11/13/2018,65
11/14/2018,76
11/15/2018,44
11/16/2018,81
11/17/2018,57
11/18/2018,70
11/19/2018,70
11/20/2018,75
11/21/2018,65
11/22/2018,38
11/23/2018,74
11/24/2018,67
11/25/2018,55
11/26/2018,67
11/27/2018,69
11/28/2018,70
11/29/2018,66
11/30/2018,93
12/1/2018,93
12/2/2018,72
12/3/2018,77
12/4/2018,67
12/5/2018,50
12/6/2018,63
12/7/2018,94
12/8/2018,64
12/9/2018,44
12/10/2018,71
12/11/2018,75
12/12/2018,57
12/13/2018,92
12/14/2018,102
12/15/2018,86
12/16/2018,68
12/17/2018,67
12/18/2018,71
12/19/2018,77
12/20/2018,84
12/21/2018,86
12/22/2018,56
12/23/2018,71
12/24/2018,81
12/25/2018,32
12/26/2018,63
12/27/2018,63
12/28/2018,68
12/29/2018,66
12/30/2018,55
12/31/2018,65
1/1/2019,55
1/2/2019,52
1/3/2019,60
1/4/2019,73
1/5/2019,51
1/6/2019,44
1/7/2019,64
1/8/2019,56
1/9/2019,75
1/10/2019,55
1/11/2019,74
1/12/2019,54
1/13/2019,50
1/14/2019,75
1/15/2019,52
1/16/2019,59
1/17/2019,72
1/18/2019,66
1/19/2019,67
1/20/2019,50
1/21/2019,69
1/22/2019,70
1/23/2019,50
1/24/2019,52
1/25/2019,61
1/26/2019,61
1/27/2019,34
1/28/2019,50
1/29/2019,54
1/30/2019,57
1/31/2019,49
2/1/2019,57
2/2/2019,73
2/3/2019,57
2/4/2019,52
2/5/2019,51
2/6/2019,41
2/7/2019,45
2/8/2019,48
2/9/2019,56
2/10/2019,46
2/11/2019,49
2/12/2019,58
2/13/2019,54
2/14/2019,47
2/15/2019,61
2/16/2019,59
2/17/2019,45
2/18/2019,51
2/19/2019,38
2/20/2019,44
2/21/2019,46
2/22/2019,78
2/23/2019,55
2/24/2019,42
2/25/2019,48
2/26/2019,38
2/27/2019,51
2/28/2019,38
3/1/2019,53
3/2/2019,48
3/3/2019,32
3/4/2019,39
3/5/2019,45
3/6/2019,28
3/7/2019,38
3/8/2019,47
3/9/2019,44
3/10/2019,36
3/11/2019,38
3/12/2019,40
3/13/2019,46
3/14/2019,36
3/15/2019,53
3/16/2019,44
3/17/2019,38
3/18/2019,45
3/19/2019,38
3/20/2019,40
3/21/2019,40
3/22/2019,53
3/23/2019,57
3/24/2019,48
3/25/2019,40
3/26/2019,49
3/27/2019,58
3/28/2019,51
3/29/2019,52
3/30/2019,56
3/31/2019,49
4/1/2019,65
4/2/2019,52
4/3/2019,63
4/4/2019,50
4/5/2019,49
4/6/2019,58
4/7/2019,34
4/8/2019,36
4/9/2019,54
4/10/2019,50
4/11/2019,44
4/12/2019,47
4/13/2019,60
4/14/2019,48
4/15/2019,47
4/16/2019,48
4/17/2019,52
4/18/2019,61
4/19/2019,64
4/20/2019,50
4/21/2019,48
4/22/2019,54
4/23/2019,54
4/24/2019,45
4/25/2019,62
4/26/2019,54
4/27/2019,61
4/28/2019,57
4/29/2019,60
4/30/2019,60
5/1/2019,57
5/2/2019,53
5/3/2019,61
5/4/2019,54
5/5/2019,62
5/6/2019,77
5/7/2019,49
5/8/2019,65
5/9/2019,68
5/10/2019,71
5/11/2019,61
5/12/2019,61
5/13/2019,79
5/14/2019,74
5/15/2019,62
5/16/2019,55
5/17/2019,75
5/18/2019,58
5/19/2019,67
5/20/2019,59
5/21/2019,83
5/22/2019,64
5/23/2019,55
5/24/2019,63
5/25/2019,75
5/26/2019,60
5/27/2019,60
5/28/2019,65
5/29/2019,71
5/30/2019,68
5/31/2019,70
6/1/2019,60
6/2/2019,48
6/3/2019,64
6/4/2019,49
6/5/2019,63
6/6/2019,66
6/7/2019,57
6/8/2019,61
6/9/2019,62
6/10/2019,66
6/11/2019,44
6/12/2019,61
6/13/2019,69
6/14/2019,72
6/15/2019,63
6/16/2019,67
6/17/2019,57
6/18/2019,58
6/19/2019,71
6/20/2019,60
6/21/2019,68
6/22/2019,57
6/23/2019,71
6/24/2019,59
6/25/2019,63
6/26/2019,82
6/27/2019,58
6/28/2019,44
6/29/2019,54
6/30/2019,51
7/1/2019,74
7/2/2019,53
7/3/2019,65
7/4/2019,47
7/5/2019,65
7/6/2019,63
7/7/2019,72
7/8/2019,77
7/9/2019,66
7/10/2019,79
7/11/2019,63
7/12/2019,64
7/13/2019,64
7/14/2019,54
7/15/2019,63
7/16/2019,74
7/17/2019,69
7/18/2019,60
7/19/2019,64
7/20/2019,68
7/21/2019,62
7/22/2019,78
7/23/2019,51
7/24/2019,67
7/25/2019,55
7/26/2019,84
7/27/2019,77
7/28/2019,68
7/29/2019,77
7/30/2019,54
7/31/2019,75
8/1/2019,70
8/2/2019,70
8/3/2019,73
8/4/2019,65
8/5/2019,61
8/6/2019,61
8/7/2019,73
8/8/2019,62
8/9/2019,78
8/10/2019,55
8/11/2019,60
8/12/2019,73
8/13/2019,75
8/14/2019,60
8/15/2019,75
8/16/2019,71
8/17/2019,70
8/18/2019,52
8/19/2019,57
8/20/2019,52
8/21/2019,47
8/22/2019,52
8/23/2019,67
8/24/2019,69
8/25/2019,57
8/26/2019,64
8/27/2019,65
8/28/2019,55
8/29/2019,59
8/30/2019,64
8/31/2019,70
9/1/2019,72
9/2/2019,56
9/3/2019,40
9/4/2019,62
9/5/2019,68
9/6/2019,73
9/7/2019,71
9/8/2019,50
9/9/2019,66
9/10/2019,42
9/11/2019,79
9/12/2019,78
9/13/2019,61
9/14/2019,60
9/15/2019,61
9/16/2019,50
9/17/2019,53
9/18/2019,69
9/19/2019,56
9/20/2019,84
9/21/2019,79
9/22/2019,79
9/23/2019,68
9/24/2019,69
9/25/2019,65
9/26/2019,69
9/27/2019,80
9/28/2019,61
9/29/2019,54
9/30/2019,60
10/1/2019,59
10/2/2019,60
10/3/2019,64
10/4/2019,57
10/5/2019,62
10/6/2019,66
10/7/2019,70
10/8/2019,53
10/9/2019,66
10/10/2019,73
10/11/2019,67
10/12/2019,85
10/13/2019,66
10/14/2019,63
10/15/2019,58
10/16/2019,57
10/17/2019,57
10/18/2019,75
10/19/2019,57
10/20/2019,45
10/21/2019,58
10/22/2019,52
10/23/2019,50
10/24/2019,64
10/25/2019,79
10/26/2019,77
10/27/2019,53
10/28/2019,63
10/29/2019,61
10/30/2019,57
10/31/2019,73
11/1/2019,77
11/2/2019,65
11/3/2019,58
11/4/2019,63
11/5/2019,68
11/6/2019,48
11/7/2019,61
11/8/2019,60
11/9/2019,63
11/10/2019,54
11/11/2019,66
11/12/2019,59
11/13/2019,46
11/14/2019,66
11/15/2019,65
11/16/2019,59
11/17/2019,61
11/18/2019,68
11/19/2019,62
11/20/2019,82
11/21/2019,59
11/22/2019,69
11/23/2019,66
11/24/2019,63
11/25/2019,62
11/26/2019,54
11/27/2019,53
11/28/2019,40
11/29/2019,66
11/30/2019,76
12/1/2019,55
12/2/2019,61
12/3/2019,64
12/4/2019,81
12/5/2019,69
12/6/2019,84
12/7/2019,81
12/8/2019,67
12/9/2019,78
12/10/2019,71
12/11/2019,62
12/12/2019,59
12/13/2019,67
12/14/2019,69
12/15/2019,74
12/16/2019,69
12/17/2019,59
12/18/2019,57
12/19/2019,47
12/20/2019,74
12/21/2019,65
12/22/2019,50
12/23/2019,79
12/24/2019,69
12/25/2019,41
12/26/2019,60
12/27/2019,58
12/28/2019,66
12/29/2019,64
12/30/2019,63
12/31/2019,56
1/1/2020,64
1/2/2020,46
1/3/2020,76
1/4/2020,66
1/5/2020,50
1/6/2020,75
1/7/2020,68
1/8/2020,61
1/9/2020,59
1/10/2020,67
1/11/2020,73
1/12/2020,65
1/13/2020,48
1/14/2020,63
1/15/2020,70
1/16/2020,83
1/17/2020,69
1/18/2020,72
1/19/2020,71
1/20/2020,65
1/21/2020,72
1/22/2020,62
1/23/2020,47
1/24/2020,70
1/25/2020,74
1/26/2020,56
1/27/2020,68
1/28/2020,63
1/29/2020,39
1/30/2020,64
1/31/2020,66
2/1/2020,80
2/2/2020,61
2/3/2020,61
2/4/2020,56
2/5/2020,53
2/6/2020,70
2/7/2020,65
2/8/2020,47
2/9/2020,56
2/10/2020,53
2/11/2020,60
2/12/2020,61
2/13/2020,63
2/14/2020,53
2/15/2020,54
2/16/2020,38
2/17/2020,59
2/18/2020,52
2/19/2020,77
2/20/2020,48
2/21/2020,50
2/22/2020,46
2/23/2020,52
2/24/2020,53
2/25/2020,49
2/26/2020,47
2/27/2020,35
2/28/2020,43
2/29/2020,61
3/1/2020,55
3/2/2020,53
3/3/2020,54
3/4/2020,49
3/5/2020,39
3/6/2020,42
3/7/2020,58
3/8/2020,47
3/9/2020,56
3/10/2020,62
3/11/2020,39
3/12/2020,43
3/13/2020,58
3/14/2020,53
3/15/2020,58
3/16/2020,54
3/17/2020,39
3/18/2020,33
3/19/2020,22
3/20/2020,35
3/21/2020,37
3/22/2020,24
3/23/2020,42
3/24/2020,40
3/25/2020,36
3/26/2020,26
3/27/2020,37
3/28/2020,34
3/29/2020,44
3/30/2020,38
3/31/2020,35
4/1/2020,47
4/2/2020,26
4/3/2020,38
4/4/2020,21
4/5/2020,25
4/6/2020,21
4/7/2020,35
4/8/2020,32
4/9/2020,35
4/10/2020,33
4/11/2020,34
4/12/2020,33
4/13/2020,31
4/14/2020,34
4/15/2020,42
4/16/2020,24
4/17/2020,31
4/18/2020,34
4/19/2020,18
4/20/2020,27
4/21/2020,19
4/22/2020,31
4/23/2020,31
4/24/2020,37
4/25/2020,41
4/26/2020,25
4/27/2020,28
4/28/2020,25
4/29/2020,21
4/30/2020,28
5/1/2020,24
5/2/2020,21
5/3/2020,24
5/4/2020,33
5/5/2020,35
5/6/2020,31
5/7/2020,22
5/8/2020,22
5/9/2020,27
5/10/2020,25
5/11/2020,29
5/12/2020,34
5/13/2020,29
5/14/2020,29
5/15/2020,42
5/16/2020,23
5/17/2020,26
5/18/2020,37
5/19/2020,49
5/20/2020,33
5/21/2020,34
5/22/2020,32
5/23/2020,29
5/24/2020,35
5/25/2020,25
5/26/2020,38
5/27/2020,35
5/28/2020,32
5/29/2020,63
5/30/2020,111
5/31/2020,31
6/1/2020,43
6/2/2020,42
6/3/2020,44
6/4/2020,45
6/5/2020,43
6/6/2020,52
6/7/2020,31
6/8/2020,42
6/9/2020,40
6/10/2020,36
6/11/2020,49
6/12/2020,40
6/13/2020,49
6/14/2020,49
6/15/2020,51
6/16/2020,47
6/17/2020,49
6/18/2020,41
6/19/2020,41
6/20/2020,51
6/21/2020,41
6/22/2020,49
6/23/2020,37
6/24/2020,42
6/25/2020,34
6/26/2020,40
6/27/2020,67
6/28/2020,65
6/29/2020,42
6/30/2020,37
7/1/2020,33
7/2/2020,41
7/3/2020,37
7/4/2020,53
7/5/2020,49
7/6/2020,42
7/7/2020,48
7/8/2020,40
7/9/2020,51
7/10/2020,45
7/11/2020,59
7/12/2020,36
7/13/2020,48
7/14/2020,36
7/15/2020,34
7/16/2020,42
7/17/2020,46
7/18/2020,45
7/19/2020,51
7/20/2020,37
7/21/2020,39
7/22/2020,36
7/23/2020,43
7/24/2020,56
7/25/2020,47
7/26/2020,45
7/27/2020,37
7/28/2020,41
7/29/2020,45
7/30/2020,38
7/31/2020,51
8/1/2020,64
8/2/2020,35
8/3/2020,55
8/4/2020,34
8/5/2020,50
8/6/2020,35
8/7/2020,54
8/8/2020,44
8/9/2020,48
8/10/2020,53
8/11/2020,45
8/12/2020,54
8/13/2020,51
8/14/2020,51
8/15/2020,66
8/16/2020,47
8/17/2020,52
8/18/2020,40
8/19/2020,46
8/20/2020,30
8/21/2020,52
8/22/2020,51
8/23/2020,40
8/24/2020,39
8/25/2020,43
8/26/2020,44
8/27/2020,49
8/28/2020,64
8/29/2020,55
8/30/2020,40
8/31/2020,53
9/1/2020,52
9/2/2020,42
9/3/2020,45
9/4/2020,42
9/5/2020,50
9/6/2020,53
9/7/2020,48
9/8/2020,61
9/9/2020,44
9/10/2020,55
9/11/2020,45
9/12/2020,59
9/13/2020,50
9/14/2020,46
9/15/2020,60
9/16/2020,39
9/17/2020,37
9/18/2020,52
9/19/2020,52
9/20/2020,27
9/21/2020,66
9/22/2020,36
9/23/2020,48
9/24/2020,42
9/25/2020,48
9/26/2020,38
9/27/2020,50
9/28/2020,59
9/29/2020,45
9/30/2020,43
10/1/2020,60
10/2/2020,53
10/3/2020,68
10/4/2020,61
10/5/2020,50
10/6/2020,38
10/7/2020,44
10/8/2020,60
10/9/2020,63
10/10/2020,64
10/11/2020,59
10/12/2020,54
10/13/2020,47
10/14/2020,65
10/15/2020,59
10/16/2020,70
10/17/2020,87
10/18/2020,66
10/19/2020,69
10/20/2020,63
10/21/2020,70
10/22/2020,47
10/23/2020,54
10/24/2020,77
10/25/2020,70
10/26/2020,64
10/27/2020,78
10/28/2020,66
10/29/2020,77
10/30/2020,57
10/31/2020,72
11/1/2020,74
11/2/2020,80
11/3/2020,66
11/4/2020,50
11/5/2020,70
11/6/2020,74
11/7/2020,76
11/8/2020,77
11/9/2020,83
11/10/2020,58
11/11/2020,45
11/12/2020,69
11/13/2020,83
11/14/2020,86
11/15/2020,64
11/16/2020,77
11/17/2020,77
11/18/2020,69
11/19/2020,79
11/20/2020,77
11/21/2020,77
11/22/2020,50
11/23/2020,79
11/24/2020,66
11/25/2020,78
11/26/2020,36
11/27/2020,68
11/28/2020,74
11/29/2020,71
11/30/2020,72
12/1/2020,68
12/2/2020,68
12/3/2020,78
12/4/2020,68
12/5/2020,71
12/6/2020,45
12/7/2020,80
12/8/2020,89
12/9/2020,77
12/10/2020,77
12/11/2020,70
12/12/2020,67
12/13/2020,65
12/14/2020,77
12/15/2020,73
12/16/2020,72
12/17/2020,65
12/18/2020,66
12/19/2020,68
12/20/2020,78
12/21/2020,89
12/22/2020,101
12/23/2020,81
12/24/2020,55
12/25/2020,30
12/26/2020,63
12/27/2020,60
12/28/2020,90
12/29/2020,81
12/30/2020,60
12/31/2020,47
