date,avgTemp
2009-01-01,20.57
2009-01-02,28.49
2009-01-03,33.44
2009-01-04,33.53
2009-01-05,40.46
2009-01-06,34.43
2009-01-07,34.43
2009-01-08,33.44
2009-01-09,29.03
2009-01-10,26.509999999999998
2009-01-11,27.5
2009-01-12,27.049999999999997
2009-01-13,34.519999999999996
2009-01-14,25.97
2009-01-15,18.5
2009-01-16,12.469999999999999
2009-01-17,14.0
2009-01-18,28.490000000000002
2009-01-19,29.57
2009-01-20,23.990000000000002
2009-01-21,21.560000000000002
2009-01-22,28.49
2009-01-23,38.93
2009-01-24,31.549999999999997
2009-01-25,19.94
2009-01-26,23.990000000000002
2009-01-27,26.96
2009-01-28,32.54
2009-01-29,31.01
2009-01-30,30.560000000000002
2009-01-31,23.45
2009-02-01,39.02
2009-02-02,43.519999999999996
2009-02-03,29.479999999999997
2009-02-04,23.54
2009-02-05,17.509999999999998
2009-02-06,23.54
2009-02-07,39.019999999999996
2009-02-08,47.93
2009-02-09,39.019999999999996
2009-02-10,42.53
2009-02-11,54.95
2009-02-12,50.54
2009-02-13,37.49
2009-02-14,34.519999999999996
2009-02-15,35.06
2009-02-16,33.980000000000004
2009-02-17,32.0
2009-02-18,38.03
2009-02-19,38.480000000000004
2009-02-20,28.04
2009-02-21,34.07
2009-02-22,37.49
2009-02-23,29.029999999999998
2009-02-24,29.48
2009-02-25,33.08
2009-02-26,42.53
2009-02-27,51.980000000000004
2009-02-28,42.44
2009-03-01,32.0
2009-03-02,22.009999999999998
2009-03-03,19.04
2009-03-04,25.97
2009-03-05,35.510000000000005
2009-03-06,46.49
2009-03-07,60.53
2009-03-08,56.48
2009-03-09,43.43
2009-03-10,41.989999999999995
2009-03-11,49.46
2009-03-12,38.03
2009-03-13,33.44
2009-03-14,41.54
2009-03-15,46.58
2009-03-16,43.43
2009-03-17,45.5
2009-03-18,52.519999999999996
2009-03-19,47.57
2009-03-20,39.56
2009-03-21,39.92
2009-03-22,44.510000000000005
2009-03-23,36.5
2009-03-24,38.480000000000004
2009-03-25,43.52
2009-03-26,43.519999999999996
2009-03-27,53.510000000000005
2009-03-28,50.99
2009-03-29,47.03
2009-03-30,47.03
2009-03-31,49.01
2009-04-01,45.95
2009-04-02,54.05
2009-04-03,54.5
2009-04-04,50.45
2009-04-05,54.95
2009-04-06,50.0
2009-04-07,43.97
2009-04-08,41.54
2009-04-09,51.980000000000004
2009-04-10,51.980000000000004
2009-04-11,45.5
2009-04-12,42.44
2009-04-13,45.5
2009-04-14,47.03
2009-04-15,49.55
2009-04-16,54.05
2009-04-17,56.57
2009-04-18,66.47
2009-04-19,54.95
2009-04-20,46.04
2009-04-21,53.51
2009-04-22,51.44
2009-04-23,50.0
2009-04-24,59.45
2009-04-25,69.98
2009-04-26,79.43
2009-04-27,70.97
2009-04-28,79.52000000000001
2009-04-29,59.00000000000001
2009-04-30,54.5
2009-05-01,62.06
2009-05-02,60.980000000000004
2009-05-03,56.03
2009-05-04,54.05
2009-05-05,52.519999999999996
2009-05-06,56.93
2009-05-07,60.53
2009-05-08,64.94
2009-05-09,66.92
2009-05-10,61.97
2009-05-11,58.01
2009-05-12,59.540000000000006
2009-05-13,57.92
2009-05-14,61.43
2009-05-15,68.0
2009-05-16,64.49000000000001
2009-05-17,59.0
2009-05-18,53.42
2009-05-19,56.03000000000001
2009-05-20,67.00999999999999
2009-05-21,73.03999999999999
2009-05-22,73.03999999999999
2009-05-23,66.56
2009-05-24,71.50999999999999
2009-05-25,71.96000000000001
2009-05-26,59.54
2009-05-27,59.0
2009-05-28,58.46
2009-05-29,64.49000000000001
2009-05-30,68.53999999999999
2009-05-31,68.99000000000001
2009-06-01,60.53
2009-06-02,70.52000000000001
2009-06-03,62.96000000000001
2009-06-04,61.52
2009-06-05,57.56
2009-06-06,66.47
2009-06-07,72.5
2009-06-08,68.53999999999999
2009-06-09,65.57
2009-06-10,62.96
2009-06-11,61.519999999999996
2009-06-12,71.06
2009-06-13,67.00999999999999
2009-06-14,65.47999999999999
2009-06-15,64.49000000000001
2009-06-16,62.96
2009-06-17,61.52
2009-06-18,62.059999999999995
2009-06-19,69.98
2009-06-20,67.01
2009-06-21,70.52000000000001
2009-06-22,69.97999999999999
2009-06-23,73.03999999999999
2009-06-24,70.43
2009-06-25,72.05
2009-06-26,73.49
2009-06-27,71.96000000000001
2009-06-28,73.03999999999999
2009-06-29,72.95
2009-06-30,74.47999999999999
2009-07-01,73.49000000000001
2009-07-02,70.97
2009-07-03,71.51
2009-07-04,72.5
2009-07-05,69.98
2009-07-06,72.95
2009-07-07,69.98
2009-07-08,67.46000000000001
2009-07-09,67.00999999999999
2009-07-10,69.08000000000001
2009-07-11,70.52000000000001
2009-07-12,72.5
2009-07-13,69.98
2009-07-14,69.98
2009-07-15,72.5
2009-07-16,77.0
2009-07-17,77.0
2009-07-18,75.47
2009-07-19,72.5
2009-07-20,73.94
2009-07-21,67.55
2009-07-22,73.03999999999999
2009-07-23,70.52
2009-07-24,70.52000000000001
2009-07-25,74.47999999999999
2009-07-26,75.47
2009-07-27,75.47
2009-07-28,77.99000000000001
2009-07-29,76.46000000000001
2009-07-30,78.44
2009-07-31,75.92
2009-08-01,73.94
2009-08-02,70.43
2009-08-03,77.0
2009-08-04,75.47
2009-08-05,78.97999999999999
2009-08-06,71.50999999999999
2009-08-07,71.50999999999999
2009-08-08,70.52000000000001
2009-08-09,74.48
2009-08-10,79.52
2009-08-11,81.5
2009-08-12,75.02000000000001
2009-08-13,69.98
2009-08-14,76.46000000000001
2009-08-15,78.98
2009-08-16,82.03999999999999
2009-08-17,83.47999999999999
2009-08-18,78.98
2009-08-19,80.51
2009-08-20,82.03999999999999
2009-08-21,80.51
2009-08-22,75.47
2009-08-23,78.53
2009-08-24,75.56
2009-08-25,76.01
2009-08-26,77.45
2009-08-27,72.5
2009-08-28,68.0
2009-08-29,69.44
2009-08-30,73.49000000000001
2009-08-31,67.01
2009-09-01,65.47999999999999
2009-09-02,67.00999999999999
2009-09-03,69.53
2009-09-04,72.5
2009-09-05,76.55000000000001
2009-09-06,68.99
2009-09-07,67.00999999999999
2009-09-08,68.0
2009-09-09,69.44
2009-09-10,64.03999999999999
2009-09-11,60.98
2009-09-12,64.94
2009-09-13,71.50999999999999
2009-09-14,68.45
2009-09-15,70.52000000000001
2009-09-16,66.47
2009-09-17,59.0
2009-09-18,64.94
2009-09-19,61.52
2009-09-20,63.5
2009-09-21,66.02
2009-09-22,68.53999999999999
2009-09-23,74.57000000000001
2009-09-24,74.03
2009-09-25,62.510000000000005
2009-09-26,60.44
2009-09-27,63.5
2009-09-28,64.94
2009-09-29,59.989999999999995
2009-09-30,54.5
2009-10-01,50.99
2009-10-02,55.489999999999995
2009-10-03,66.47
2009-10-04,65.47999999999999
2009-10-05,59.99
2009-10-06,58.01
2009-10-07,63.050000000000004
2009-10-08,57.47
2009-10-09,64.04
2009-10-10,58.01
2009-10-11,55.03999999999999
2009-10-12,48.02
2009-10-13,55.03999999999999
2009-10-14,47.03
2009-10-15,41.989999999999995
2009-10-16,41.54
2009-10-17,45.05
2009-10-18,42.980000000000004
2009-10-19,46.040000000000006
2009-10-20,54.95
2009-10-21,59.99
2009-10-22,63.95
2009-10-23,56.48
2009-10-24,59.0
2009-10-25,56.57
2009-10-26,53.06
2009-10-27,52.52
2009-10-28,54.05
2009-10-29,52.97
2009-10-30,55.49
2009-10-31,63.050000000000004
2009-11-01,53.42
2009-11-02,50.540000000000006
2009-11-03,51.53
2009-11-04,46.49
2009-11-05,47.57
2009-11-06,43.519999999999996
2009-11-07,44.06
2009-11-08,58.010000000000005
2009-11-09,57.92
2009-11-10,60.44
2009-11-11,52.519999999999996
2009-11-12,47.480000000000004
2009-11-13,51.53
2009-11-14,54.5
2009-11-15,59.989999999999995
2009-11-16,53.96
2009-11-17,50.540000000000006
2009-11-18,47.57
2009-11-19,52.97
2009-11-20,54.5
2009-11-21,51.53
2009-11-22,50.0
2009-11-23,47.03
2009-11-24,52.97
2009-11-25,50.0
2009-11-26,53.51
2009-11-27,46.49
2009-11-28,46.04
2009-11-29,49.01
2009-11-30,48.47
2009-12-01,41.0
2009-12-02,48.47
2009-12-03,57.47
2009-12-04,48.02
2009-12-05,39.019999999999996
2009-12-06,35.51
2009-12-07,35.51
2009-12-08,39.019999999999996
2009-12-09,43.07
2009-12-10,36.5
2009-12-11,24.98
2009-12-12,31.009999999999998
2009-12-13,42.980000000000004
2009-12-14,42.980000000000004
2009-12-15,47.03
2009-12-16,35.06
2009-12-17,25.43
2009-12-18,23.0
2009-12-19,25.52
2009-12-20,27.5
2009-12-21,32.0
2009-12-22,29.48
2009-12-23,24.979999999999997
2009-12-24,31.549999999999997
2009-12-25,35.51
2009-12-26,45.5
2009-12-27,47.480000000000004
2009-12-28,36.5
2009-12-29,23.450000000000003
2009-12-30,25.52
2009-12-31,32.0
2010-01-01,36.5
2010-01-02,25.519999999999996
2010-01-03,19.490000000000002
2010-01-04,24.53
2010-01-05,24.979999999999997
2010-01-06,30.02
2010-01-07,33.53
2010-01-08,28.04
2010-01-09,23.990000000000002
2010-01-10,21.02
2010-01-11,25.97
2010-01-12,29.57
2010-01-13,29.57
2010-01-14,36.05
2010-01-15,42.53
2010-01-16,43.43
2010-01-17,40.55
2010-01-18,43.519999999999996
2010-01-19,43.97
2010-01-20,37.489999999999995
2010-01-21,35.96
2010-01-22,38.03
2010-01-23,33.980000000000004
2010-01-24,41.0
2010-01-25,52.97
2010-01-26,41.99
2010-01-27,34.97
2010-01-28,31.009999999999998
2010-01-29,19.490000000000002
2010-01-30,16.43
2010-01-31,22.009999999999998
2010-02-01,30.020000000000003
2010-02-02,30.02
2010-02-03,33.98
2010-02-04,32.54
2010-02-05,32.45
2010-02-06,26.509999999999998
2010-02-07,25.519999999999996
2010-02-08,30.02
2010-02-09,35.06
2010-02-10,32.0
2010-02-11,32.54
2010-02-12,31.55
2010-02-13,28.04
2010-02-14,33.53
2010-02-15,33.44
2010-02-16,31.009999999999998
2010-02-17,30.560000000000002
2010-02-18,35.96
2010-02-19,39.02
2010-02-20,39.56
2010-02-21,39.56
2010-02-22,36.95
2010-02-23,36.5
2010-02-24,39.019999999999996
2010-02-25,32.45
2010-02-26,29.57
2010-02-27,33.44
2010-02-28,36.5
2010-03-01,41.989999999999995
2010-03-02,41.45
2010-03-03,37.489999999999995
2010-03-04,41.0
2010-03-05,41.45
2010-03-06,42.980000000000004
2010-03-07,47.03
2010-03-08,50.99
2010-03-09,52.52
2010-03-10,50.54
2010-03-11,47.57
2010-03-12,41.0
2010-03-13,41.989999999999995
2010-03-14,46.49
2010-03-15,43.519999999999996
2010-03-16,51.980000000000004
2010-03-17,54.5
2010-03-18,59.540000000000006
2010-03-19,60.440000000000005
2010-03-20,63.95
2010-03-21,57.559999999999995
2010-03-22,53.51
2010-03-23,49.010000000000005
2010-03-24,51.53
2010-03-25,55.04
2010-03-26,42.980000000000004
2010-03-27,36.5
2010-03-28,42.44
2010-03-29,50.54
2010-03-30,45.5
2010-03-31,50.989999999999995
2010-04-01,59.0
2010-04-02,58.01
2010-04-03,56.93
2010-04-04,61.43
2010-04-05,65.47999999999999
2010-04-06,68.0
2010-04-07,73.94
2010-04-08,72.05
2010-04-09,56.03
2010-04-10,52.07
2010-04-11,63.95
2010-04-12,59.45
2010-04-13,51.44
2010-04-14,55.94
2010-04-15,61.519999999999996
2010-04-16,51.53
2010-04-17,50.0
2010-04-18,49.55
2010-04-19,54.5
2010-04-20,58.46
2010-04-21,61.07000000000001
2010-04-22,61.52
2010-04-23,56.03
2010-04-24,57.019999999999996
2010-04-25,49.010000000000005
2010-04-26,50.54
2010-04-27,49.46
2010-04-28,47.93
2010-04-29,57.02000000000001
2010-04-30,67.01
2010-05-01,74.47999999999999
2010-05-02,77.0
2010-05-03,73.49000000000001
2010-05-04,71.51
2010-05-05,68.99000000000001
2010-05-06,68.54
2010-05-07,62.51
2010-05-08,62.42
2010-05-09,48.02
2010-05-10,50.99
2010-05-11,49.46
2010-05-12,46.04
2010-05-13,54.95
2010-05-14,67.55000000000001
2010-05-15,66.56
2010-05-16,62.96000000000001
2010-05-17,64.49000000000001
2010-05-18,56.03
2010-05-19,57.019999999999996
2010-05-20,67.01
2010-05-21,72.95
2010-05-22,65.47999999999999
2010-05-23,64.49000000000001
2010-05-24,66.56
2010-05-25,71.50999999999999
2010-05-26,78.44
2010-05-27,68.99000000000001
2010-05-28,62.96
2010-05-29,68.99000000000001
2010-05-30,75.47
2010-05-31,77.54
2010-06-01,75.47
2010-06-02,77.0
2010-06-03,77.0
2010-06-04,79.97
2010-06-05,81.95
2010-06-06,75.02000000000001
2010-06-07,66.02
2010-06-08,66.47
2010-06-09,62.51
2010-06-10,65.93
2010-06-11,64.49000000000001
2010-06-12,69.98
2010-06-13,71.51
2010-06-14,71.50999999999999
2010-06-15,72.5
2010-06-16,69.53
2010-06-17,69.44
2010-06-18,73.03999999999999
2010-06-19,72.5
2010-06-20,80.06
2010-06-21,79.07000000000001
2010-06-22,79.07000000000001
2010-06-23,80.06
2010-06-24,83.93
2010-06-25,79.07000000000001
2010-06-26,80.06
2010-06-27,81.05
2010-06-28,84.47
2010-06-29,80.50999999999999
2010-06-30,70.52000000000001
2010-07-01,69.53
2010-07-02,71.50999999999999
2010-07-03,77.0
2010-07-04,84.56
2010-07-05,87.44
2010-07-06,91.94
2010-07-07,90.05
2010-07-08,83.03
2010-07-09,82.49000000000001
2010-07-10,77.99
2010-07-11,82.49000000000001
2010-07-12,83.47999999999999
2010-07-13,77.99
2010-07-14,76.00999999999999
2010-07-15,79.52000000000001
2010-07-16,83.47999999999999
2010-07-17,84.92
2010-07-18,86.0
2010-07-19,81.95
2010-07-20,81.5
2010-07-21,84.47
2010-07-22,81.95
2010-07-23,80.06
2010-07-24,88.52000000000001
2010-07-25,81.5
2010-07-26,77.54
2010-07-27,80.50999999999999
2010-07-28,81.5
2010-07-29,81.5
2010-07-30,75.47
2010-07-31,75.47
2010-08-01,75.02000000000001
2010-08-02,77.0
2010-08-03,78.98
2010-08-04,83.03
2010-08-05,86.0
2010-08-06,79.97
2010-08-07,77.54
2010-08-08,81.05
2010-08-09,83.93
2010-08-10,85.01
2010-08-11,84.47
2010-08-12,71.96000000000001
2010-08-13,75.02
2010-08-14,73.49
2010-08-15,71.96000000000001
2010-08-16,77.54
2010-08-17,82.49
2010-08-18,78.98
2010-08-19,79.52
2010-08-20,81.5
2010-08-21,75.47
2010-08-22,74.57000000000001
2010-08-23,67.46000000000001
2010-08-24,67.00999999999999
2010-08-25,66.56
2010-08-26,73.49
2010-08-27,69.98
2010-08-28,72.5
2010-08-29,80.42
2010-08-30,81.95
2010-08-31,86.0
2010-09-01,86.0
2010-09-02,86.0
2010-09-03,79.97
2010-09-04,72.5
2010-09-05,69.53
2010-09-06,70.07
2010-09-07,78.53
2010-09-08,77.99000000000001
2010-09-09,65.48
2010-09-10,67.46000000000001
2010-09-11,68.99000000000001
2010-09-12,62.96
2010-09-13,68.0
2010-09-14,68.0
2010-09-15,64.49000000000001
2010-09-16,64.49000000000001
2010-09-17,65.03
2010-09-18,63.95
2010-09-19,70.97
2010-09-20,66.47
2010-09-21,63.95
2010-09-22,75.56
2010-09-23,73.49000000000001
2010-09-24,75.92
2010-09-25,77.99000000000001
2010-09-26,67.46000000000001
2010-09-27,66.47
2010-09-28,71.50999999999999
2010-09-29,70.52000000000001
2010-09-30,72.05000000000001
2010-10-01,66.47
2010-10-02,59.0
2010-10-03,57.019999999999996
2010-10-04,53.510000000000005
2010-10-05,57.02
2010-10-06,59.0
2010-10-07,62.06
2010-10-08,63.5
2010-10-09,62.96000000000001
2010-10-10,57.56
2010-10-11,66.02
2010-10-12,61.52000000000001
2010-10-13,56.029999999999994
2010-10-14,56.480000000000004
2010-10-15,52.97
2010-10-16,53.96
2010-10-17,58.550000000000004
2010-10-18,55.04
2010-10-19,52.97
2010-10-20,52.97
2010-10-21,55.49
2010-10-22,49.55
2010-10-23,54.05
2010-10-24,60.53
2010-10-25,63.95
2010-10-26,67.46000000000001
2010-10-27,69.97999999999999
2010-10-28,64.94
2010-10-29,51.98
2010-10-30,49.55
2010-10-31,50.0
2010-11-01,42.980000000000004
2010-11-02,42.980000000000004
2010-11-03,47.480000000000004
2010-11-04,49.01
2010-11-05,48.47
2010-11-06,45.5
2010-11-07,43.519999999999996
2010-11-08,42.44
2010-11-09,47.480000000000004
2010-11-10,50.989999999999995
2010-11-11,49.01
2010-11-12,53.510000000000005
2010-11-13,55.03999999999999
2010-11-14,53.510000000000005
2010-11-15,53.51
2010-11-16,55.49
2010-11-17,55.58
2010-11-18,50.0
2010-11-19,43.97
2010-11-20,48.02
2010-11-21,43.519999999999996
2010-11-22,54.95
2010-11-23,55.49
2010-11-24,45.5
2010-11-25,42.53
2010-11-26,45.5
2010-11-27,38.03
2010-11-28,40.459999999999994
2010-11-29,41.54
2010-11-30,50.54
2010-12-01,50.0
2010-12-02,38.03
2010-12-03,36.5
2010-12-04,35.96
2010-12-05,32.54
2010-12-06,32.54
2010-12-07,32.99
2010-12-08,30.47
2010-12-09,26.509999999999998
2010-12-10,29.93
2010-12-11,40.01
2010-12-12,47.93
2010-12-13,34.97
2010-12-14,21.02
2010-12-15,23.45
2010-12-16,26.509999999999998
2010-12-17,29.48
2010-12-18,32.0
2010-12-19,33.53
2010-12-20,31.009999999999998
2010-12-21,32.989999999999995
2010-12-22,32.989999999999995
2010-12-23,32.54
2010-12-24,34.43
2010-12-25,28.490000000000002
2010-12-26,25.52
2010-12-27,23.99
2010-12-28,31.009999999999998
2010-12-29,33.980000000000004
2010-12-30,33.980000000000004
2010-12-31,40.46
2011-01-01,46.49
2011-01-02,43.52
2011-01-03,32.0
2011-01-04,34.97
2011-01-05,33.98
2011-01-06,29.57
2011-01-07,29.03
2011-01-08,26.96
2011-01-09,29.03
2011-01-10,29.57
2011-01-11,26.96
2011-01-12,27.5
2011-01-13,23.990000000000002
2011-01-14,23.990000000000002
2011-01-15,30.47
2011-01-16,31.55
2011-01-17,23.0
2011-01-18,32.54
2011-01-19,38.03
2011-01-20,32.54
2011-01-21,24.98
2011-01-22,18.5
2011-01-23,17.509999999999998
2011-01-24,15.079999999999998
2011-01-25,30.56
2011-01-26,32.54
2011-01-27,32.45
2011-01-28,31.009999999999998
2011-01-29,32.45
2011-01-30,32.989999999999995
2011-01-31,26.42
2011-02-01,27.5
2011-02-02,32.45
2011-02-03,29.029999999999998
2011-02-04,28.49
2011-02-05,36.95
2011-02-06,41.0
2011-02-07,40.46
2011-02-08,29.48
2011-02-09,22.009999999999998
2011-02-10,25.43
2011-02-11,28.04
2011-02-12,34.97
2011-02-13,37.04
2011-02-14,47.480000000000004
2011-02-15,31.009999999999998
2011-02-16,37.04
2011-02-17,54.5
2011-02-18,56.480000000000004
2011-02-19,38.480000000000004
2011-02-20,30.47
2011-02-21,30.56
2011-02-22,25.97
2011-02-23,30.47
2011-02-24,37.04
2011-02-25,45.5
2011-02-26,36.95
2011-02-27,43.97
2011-02-28,50.0
2011-03-01,39.56
2011-03-02,39.02
2011-03-03,26.509999999999998
2011-03-04,33.980000000000004
2011-03-05,50.99
2011-03-06,51.980000000000004
2011-03-07,43.519999999999996
2011-03-08,38.48
2011-03-09,39.47
2011-03-10,45.5
2011-03-11,47.480000000000004
2011-03-12,46.94
2011-03-13,47.03
2011-03-14,41.0
2011-03-15,40.459999999999994
2011-03-16,47.48
2011-03-17,54.5
2011-03-18,64.03999999999999
2011-03-19,48.47
2011-03-20,42.53
2011-03-21,40.46
2011-03-22,44.96
2011-03-23,35.96
2011-03-24,37.04
2011-03-25,35.06
2011-03-26,32.99
2011-03-27,36.5
2011-03-28,35.510000000000005
2011-03-29,39.92
2011-03-30,44.510000000000005
2011-03-31,40.010000000000005
2011-04-01,39.56
2011-04-02,46.49
2011-04-03,50.0
2011-04-04,52.97
2011-04-05,53.96
2011-04-06,46.49
2011-04-07,47.03
2011-04-08,45.5
2011-04-09,48.92
2011-04-10,50.989999999999995
2011-04-11,65.48
2011-04-12,58.46000000000001
2011-04-13,46.49
2011-04-14,58.550000000000004
2011-04-15,48.47
2011-04-16,48.02
2011-04-17,55.49
2011-04-18,54.95
2011-04-19,50.0
2011-04-20,54.95
2011-04-21,52.97
2011-04-22,45.5
2011-04-23,51.980000000000004
2011-04-24,67.01
2011-04-25,65.47999999999999
2011-04-26,68.45
2011-04-27,68.0
2011-04-28,66.47
2011-04-29,61.52000000000001
2011-04-30,58.46
2011-05-01,59.540000000000006
2011-05-02,56.480000000000004
2011-05-03,65.03
2011-05-04,55.03999999999999
2011-05-05,55.489999999999995
2011-05-06,60.980000000000004
2011-05-07,63.50000000000001
2011-05-08,62.96
2011-05-09,62.510000000000005
2011-05-10,64.03999999999999
2011-05-11,61.52
2011-05-12,62.96
2011-05-13,59.45
2011-05-14,60.529999999999994
2011-05-15,63.50000000000001
2011-05-16,57.56
2011-05-17,56.03
2011-05-18,60.44
2011-05-19,67.55
2011-05-20,60.529999999999994
2011-05-21,66.56
2011-05-22,55.94
2011-05-23,60.980000000000004
2011-05-24,73.49000000000001
2011-05-25,74.47999999999999
2011-05-26,71.06
2011-05-27,73.94
2011-05-28,75.47
2011-05-29,74.47999999999999
2011-05-30,77.99000000000001
2011-05-31,79.07000000000001
2011-06-01,79.52000000000001
2011-06-02,71.06
2011-06-03,66.47
2011-06-04,67.00999999999999
2011-06-05,62.96
2011-06-06,70.52000000000001
2011-06-07,76.55000000000001
2011-06-08,83.47999999999999
2011-06-09,82.04
2011-06-10,78.53
2011-06-11,65.48
2011-06-12,65.93
2011-06-13,66.56
2011-06-14,64.94
2011-06-15,69.44
2011-06-16,73.03999999999999
2011-06-17,69.97999999999999
2011-06-18,73.49
2011-06-19,76.01
2011-06-20,73.94
2011-06-21,76.00999999999999
2011-06-22,75.56
2011-06-23,68.53999999999999
2011-06-24,67.46000000000001
2011-06-25,72.05
2011-06-26,72.5
2011-06-27,74.03
2011-06-28,77.45
2011-06-29,75.56
2011-06-30,73.49
2011-07-01,72.95
2011-07-02,77.0
2011-07-03,71.51
2011-07-04,77.99000000000001
2011-07-05,78.53
2011-07-06,81.05
2011-07-07,82.94
2011-07-08,76.46000000000001
2011-07-09,77.45
2011-07-10,77.0
2011-07-11,82.49
2011-07-12,85.55000000000001
2011-07-13,77.54
2011-07-14,74.03
2011-07-15,76.55000000000001
2011-07-16,79.97
2011-07-17,81.5
2011-07-18,85.00999999999999
2011-07-19,84.47
2011-07-20,82.03999999999999
2011-07-21,86.0
2011-07-22,94.00999999999999
2011-07-23,91.49
2011-07-24,84.56
2011-07-25,74.03
2011-07-26,79.52000000000001
2011-07-27,76.00999999999999
2011-07-28,79.07000000000001
2011-07-29,77.53999999999999
2011-07-30,82.49
2011-07-31,81.05
2011-08-01,82.49000000000001
2011-08-02,82.03999999999999
2011-08-03,77.45
2011-08-04,75.47
2011-08-05,77.99000000000001
2011-08-06,78.44
2011-08-07,81.05
2011-08-08,81.95
2011-08-09,77.0
2011-08-10,77.99000000000001
2011-08-11,75.56
2011-08-12,74.03
2011-08-13,77.0
2011-08-14,69.44
2011-08-15,72.5
2011-08-16,71.51
2011-08-17,76.00999999999999
2011-08-18,74.93
2011-08-19,74.47999999999999
2011-08-20,74.47999999999999
2011-08-21,77.0
2011-08-22,70.97
2011-08-23,69.98
2011-08-24,73.49000000000001
2011-08-25,75.02000000000001
2011-08-26,77.0
2011-08-27,74.57000000000001
2011-08-28,69.97999999999999
2011-08-29,68.0
2011-08-30,71.50999999999999
2011-08-31,73.94
2011-09-01,74.47999999999999
2011-09-02,71.51
2011-09-03,74.47999999999999
2011-09-04,78.98
2011-09-05,76.46000000000001
2011-09-06,67.55
2011-09-07,65.03
2011-09-08,70.97
2011-09-09,75.47
2011-09-10,74.03
2011-09-11,67.55
2011-09-12,73.03999999999999
2011-09-13,74.47999999999999
2011-09-14,77.45
2011-09-15,64.49000000000001
2011-09-16,58.01
2011-09-17,59.0
2011-09-18,60.53
2011-09-19,59.99
2011-09-20,64.49000000000001
2011-09-21,68.0
2011-09-22,74.03
2011-09-23,71.06
2011-09-24,72.95
2011-09-25,75.02000000000001
2011-09-26,74.03
2011-09-27,73.04
2011-09-28,70.97
2011-09-29,67.00999999999999
2011-09-30,66.92
2011-10-01,58.46
2011-10-02,57.019999999999996
2011-10-03,52.97
2011-10-04,55.94
2011-10-05,62.06
2011-10-06,56.93
2011-10-07,57.019999999999996
2011-10-08,65.48
2011-10-09,72.05
2011-10-10,70.97
2011-10-11,67.55
2011-10-12,60.44
2011-10-13,61.97
2011-10-14,63.5
2011-10-15,59.45
2011-10-16,59.989999999999995
2011-10-17,60.98
2011-10-18,60.980000000000004
2011-10-19,61.07
2011-10-20,60.44
2011-10-21,52.97
2011-10-22,53.51
2011-10-23,54.5
2011-10-24,55.49
2011-10-25,56.03
2011-10-26,56.57
2011-10-27,49.46
2011-10-28,42.44
2011-10-29,39.019999999999996
2011-10-30,39.56
2011-10-31,45.05
2011-11-01,50.0
2011-11-02,49.55
2011-11-03,52.519999999999996
2011-11-04,47.03
2011-11-05,42.44
2011-11-06,45.95
2011-11-07,53.510000000000005
2011-11-08,60.53
2011-11-09,58.01
2011-11-10,56.93
2011-11-11,44.51
2011-11-12,48.019999999999996
2011-11-13,53.96
2011-11-14,61.52000000000001
2011-11-15,61.43
2011-11-16,56.03
2011-11-17,46.49
2011-11-18,41.0
2011-11-19,44.51
2011-11-20,56.93
2011-11-21,52.519999999999996
2011-11-22,46.49
2011-11-23,46.04
2011-11-24,45.5
2011-11-25,53.510000000000005
2011-11-26,57.47
2011-11-27,54.95
2011-11-28,62.96
2011-11-29,58.55
2011-11-30,47.480000000000004
2011-12-01,43.519999999999996
2011-12-02,45.5
2011-12-03,41.989999999999995
2011-12-04,48.56
2011-12-05,52.97
2011-12-06,59.0
2011-12-07,52.07
2011-12-08,40.46
2011-12-09,43.97
2011-12-10,39.019999999999996
2011-12-11,33.98
2011-12-12,38.57
2011-12-13,39.47
2011-12-14,42.980000000000004
2011-12-15,52.97
2011-12-16,50.0
2011-12-17,36.5
2011-12-18,26.42
2011-12-19,37.489999999999995
2011-12-20,44.51
2011-12-21,52.07
2011-12-22,52.97
2011-12-23,41.99
2011-12-24,32.45
2011-12-25,38.480000000000004
2011-12-26,41.45
2011-12-27,47.48
2011-12-28,40.46
2011-12-29,31.009999999999998
2011-12-30,44.06
2011-12-31,50.0
2012-01-01,46.49
2012-01-02,41.54
2012-01-03,24.08
2012-01-04,19.94
2012-01-05,33.44
2012-01-06,44.06
2012-01-07,54.05
2012-01-08,39.56
2012-01-09,35.96
2012-01-10,40.01
2012-01-11,42.53
2012-01-12,42.980000000000004
2012-01-13,39.019999999999996
2012-01-14,29.48
2012-01-15,21.02
2012-01-16,26.06
2012-01-17,44.510000000000005
2012-01-18,39.019999999999996
2012-01-19,28.49
2012-01-20,30.02
2012-01-21,25.43
2012-01-22,25.97
2012-01-23,43.519999999999996
2012-01-24,47.57
2012-01-25,40.010000000000005
2012-01-26,36.5
2012-01-27,49.46
2012-01-28,41.989999999999995
2012-01-29,39.019999999999996
2012-01-30,36.95
2012-01-31,48.47
2012-02-01,55.04
2012-02-02,42.53
2012-02-03,37.04
2012-02-04,40.55
2012-02-05,35.96
2012-02-06,42.08
2012-02-07,43.43
2012-02-08,34.43
2012-02-09,38.480000000000004
2012-02-10,39.47
2012-02-11,34.97
2012-02-12,25.97
2012-02-13,36.05
2012-02-14,41.45
2012-02-15,42.53
2012-02-16,40.010000000000005
2012-02-17,45.5
2012-02-18,41.54
2012-02-19,39.56
2012-02-20,38.480000000000004
2012-02-21,39.019999999999996
2012-02-22,50.0
2012-02-23,51.980000000000004
2012-02-24,41.0
2012-02-25,39.019999999999996
2012-02-26,36.95
2012-02-27,47.480000000000004
2012-02-28,44.96
2012-02-29,40.01
2012-03-01,39.019999999999996
2012-03-02,37.58
2012-03-03,49.01
2012-03-04,40.46
2012-03-05,36.05
2012-03-06,34.52
2012-03-07,49.55
2012-03-08,62.06
2012-03-09,50.53999999999999
2012-03-10,35.96
2012-03-11,48.47
2012-03-12,59.0
2012-03-13,63.95
2012-03-14,59.99
2012-03-15,47.480000000000004
2012-03-16,47.03
2012-03-17,53.510000000000005
2012-03-18,55.03999999999999
2012-03-19,64.49000000000001
2012-03-20,64.03999999999999
2012-03-21,61.97
2012-03-22,67.01
2012-03-23,66.92
2012-03-24,55.94
2012-03-25,48.47
2012-03-26,43.97
2012-03-27,40.55
2012-03-28,55.49
2012-03-29,51.980000000000004
2012-03-30,48.47
2012-03-31,40.46
2012-04-01,47.03
2012-04-02,48.47
2012-04-03,51.98
2012-04-04,57.47
2012-04-05,50.0
2012-04-06,48.47
2012-04-07,50.45
2012-04-08,55.49
2012-04-09,56.48
2012-04-10,52.519999999999996
2012-04-11,48.02
2012-04-12,51.980000000000004
2012-04-13,53.96
2012-04-14,60.980000000000004
2012-04-15,67.46000000000001
2012-04-16,76.46000000000001
2012-04-17,69.53
2012-04-18,55.49
2012-04-19,58.46
2012-04-20,62.510000000000005
2012-04-21,62.510000000000005
2012-04-22,50.0
2012-04-23,48.019999999999996
2012-04-24,50.0
2012-04-25,52.52
2012-04-26,52.97
2012-04-27,48.47
2012-04-28,49.01
2012-04-29,53.510000000000005
2012-04-30,52.52
2012-05-01,59.54
2012-05-02,51.53
2012-05-03,53.96
2012-05-04,63.5
2012-05-05,59.45
2012-05-06,59.0
2012-05-07,58.46
2012-05-08,60.53
2012-05-09,63.050000000000004
2012-05-10,58.01
2012-05-11,58.46
2012-05-12,65.57000000000001
2012-05-13,71.96000000000001
2012-05-14,66.47
2012-05-15,62.96
2012-05-16,69.53
2012-05-17,62.510000000000005
2012-05-18,62.96000000000001
2012-05-19,66.56
2012-05-20,67.55000000000001
2012-05-21,59.54
2012-05-22,65.03
2012-05-23,69.53
2012-05-24,64.03999999999999
2012-05-25,67.55
2012-05-26,75.47
2012-05-27,72.5
2012-05-28,80.06
2012-05-29,78.53
2012-05-30,71.96000000000001
2012-05-31,72.5
2012-06-01,68.0
2012-06-02,68.0
2012-06-03,66.92
2012-06-04,58.46
2012-06-05,57.559999999999995
2012-06-06,62.96000000000001
2012-06-07,68.0
2012-06-08,70.52000000000001
2012-06-09,71.06
2012-06-10,75.02
2012-06-11,70.52
2012-06-12,68.45
2012-06-13,66.56
2012-06-14,69.53
2012-06-15,70.07
2012-06-16,70.07
2012-06-17,65.47999999999999
2012-06-18,64.49000000000001
2012-06-19,69.98
2012-06-20,81.95
2012-06-21,86.45
2012-06-22,79.97
2012-06-23,76.55000000000001
2012-06-24,75.02
2012-06-25,68.0
2012-06-26,64.94
2012-06-27,71.51
2012-06-28,77.99000000000001
2012-06-29,80.50999999999999
2012-06-30,85.00999999999999
2012-07-01,83.93
2012-07-02,79.97
2012-07-03,80.06
2012-07-04,80.96000000000001
2012-07-05,86.0
2012-07-06,82.49000000000001
2012-07-07,84.47
2012-07-08,81.95
2012-07-09,79.52
2012-07-10,78.08000000000001
2012-07-11,77.99000000000001
2012-07-12,79.52000000000001
2012-07-13,81.5
2012-07-14,78.97999999999999
2012-07-15,80.06
2012-07-16,80.50999999999999
2012-07-17,85.00999999999999
2012-07-18,86.53999999999999
2012-07-19,71.96000000000001
2012-07-20,66.47
2012-07-21,69.53
2012-07-22,73.94
2012-07-23,78.53
2012-07-24,82.49
2012-07-25,75.92
2012-07-26,77.99000000000001
2012-07-27,79.07000000000001
2012-07-28,74.48
2012-07-29,74.03
2012-07-30,74.48
2012-07-31,75.02000000000001
2012-08-01,74.03
2012-08-02,78.53
2012-08-03,82.03999999999999
2012-08-04,82.49000000000001
2012-08-05,82.03999999999999
2012-08-06,78.98
2012-08-07,75.47
2012-08-08,79.52
2012-08-09,80.50999999999999
2012-08-10,75.02000000000001
2012-08-11,81.05000000000001
2012-08-12,80.06
2012-08-13,77.54
2012-08-14,75.47
2012-08-15,74.47999999999999
2012-08-16,75.47
2012-08-17,76.46000000000001
2012-08-18,70.97
2012-08-19,68.0
2012-08-20,71.51
2012-08-21,74.03
2012-08-22,75.02
2012-08-23,77.0
2012-08-24,78.08000000000001
2012-08-25,77.99000000000001
2012-08-26,76.00999999999999
2012-08-27,75.47
2012-08-28,80.06
2012-08-29,72.95
2012-08-30,71.50999999999999
2012-08-31,80.06
2012-09-01,82.49
2012-09-02,76.55
2012-09-03,75.02000000000001
2012-09-04,75.02000000000001
2012-09-05,75.56
2012-09-06,74.57000000000001
2012-09-07,79.07000000000001
2012-09-08,71.96000000000001
2012-09-09,70.52000000000001
2012-09-10,64.94
2012-09-11,63.5
2012-09-12,69.53
2012-09-13,71.96000000000001
2012-09-14,72.05
2012-09-15,66.56
2012-09-16,65.47999999999999
2012-09-17,67.55000000000001
2012-09-18,70.97
2012-09-19,63.5
2012-09-20,61.52000000000001
2012-09-21,67.55
2012-09-22,68.0
2012-09-23,61.52
2012-09-24,59.99
2012-09-25,62.96000000000001
2012-09-26,69.98
2012-09-27,68.99
2012-09-28,64.58000000000001
2012-09-29,60.98
2012-09-30,61.52
2012-10-01,60.980000000000004
2012-10-02,65.57000000000001
2012-10-03,68.0
2012-10-04,69.97999999999999
2012-10-05,69.53
2012-10-06,65.48
2012-10-07,50.0
2012-10-08,49.550000000000004
2012-10-09,53.96
2012-10-10,59.54
2012-10-11,52.97
2012-10-12,49.01
2012-10-13,45.5
2012-10-14,61.52
2012-10-15,65.03
2012-10-16,53.51
2012-10-17,52.52
2012-10-18,57.47
2012-10-19,63.5
2012-10-20,61.52000000000001
2012-10-21,56.93
2012-10-22,57.47
2012-10-23,59.45
2012-10-24,57.47
2012-10-25,58.550000000000004
2012-10-26,60.98
2012-10-27,61.97
2012-10-28,57.02
2012-10-29,57.02
2012-10-30,50.45
2012-10-31,47.03
2012-11-01,47.03
2012-11-02,47.57
2012-11-03,45.5
2012-11-04,45.05
2012-11-05,40.010000000000005
2012-11-06,36.5
2012-11-07,35.96
2012-11-08,40.01
2012-11-09,44.510000000000005
2012-11-10,48.56
2012-11-11,57.019999999999996
2012-11-12,57.019999999999996
2012-11-13,50.99
2012-11-14,41.989999999999995
2012-11-15,40.010000000000005
2012-11-16,41.989999999999995
2012-11-17,45.05
2012-11-18,43.43
2012-11-19,41.989999999999995
2012-11-20,45.5
2012-11-21,46.49
2012-11-22,47.480000000000004
2012-11-23,49.46
2012-11-24,42.53
2012-11-25,36.5
2012-11-26,41.989999999999995
2012-11-27,38.03
2012-11-28,37.489999999999995
2012-11-29,38.480000000000004
2012-11-30,41.989999999999995
2012-12-01,38.480000000000004
2012-12-02,46.49
2012-12-03,54.5
2012-12-04,54.5
2012-12-05,46.49
2012-12-06,34.43
2012-12-07,40.55
2012-12-08,47.03
2012-12-09,46.04
2012-12-10,51.53
2012-12-11,49.46
2012-12-12,39.47
2012-12-13,41.0
2012-12-14,42.53
2012-12-15,42.44
2012-12-16,44.51
2012-12-17,41.45
2012-12-18,48.47
2012-12-19,42.98
2012-12-20,41.0
2012-12-21,45.95
2012-12-22,36.95
2012-12-23,38.57
2012-12-24,36.5
2012-12-25,36.5
2012-12-26,33.53
2012-12-27,34.519999999999996
2012-12-28,33.53
2012-12-29,32.0
2012-12-30,31.009999999999998
2012-12-31,32.989999999999995
2013-01-01,32.99
2013-01-02,27.5
2013-01-03,28.04
2013-01-04,33.53
2013-01-05,37.04
2013-01-06,40.01
2013-01-07,41.0
2013-01-08,41.54
2013-01-09,43.97
2013-01-10,43.43
2013-01-11,41.54
2013-01-12,44.51
2013-01-13,46.49
2013-01-14,46.94
2013-01-15,36.5
2013-01-16,34.519999999999996
2013-01-17,39.02
2013-01-18,30.020000000000003
2013-01-19,40.55
2013-01-20,41.54
2013-01-21,29.03
2013-01-22,19.94
2013-01-23,15.44
2013-01-24,16.97
2013-01-25,18.5
2013-01-26,21.02
2013-01-27,26.509999999999998
2013-01-28,32.45
2013-01-29,42.44
2013-01-30,49.01
2013-01-31,45.5
2013-02-01,27.5
2013-02-02,23.990000000000002
2013-02-03,27.049999999999997
2013-02-04,26.509999999999998
2013-02-05,30.02
2013-02-06,33.98
2013-02-07,29.03
2013-02-08,30.47
2013-02-09,26.509999999999998
2013-02-10,26.96
2013-02-11,39.47
2013-02-12,40.010000000000005
2013-02-13,38.57
2013-02-14,39.56
2013-02-15,46.040000000000006
2013-02-16,35.96
2013-02-17,24.98
2013-02-18,26.060000000000002
2013-02-19,41.0
2013-02-20,31.46
2013-02-21,29.029999999999998
2013-02-22,31.46
2013-02-23,39.019999999999996
2013-02-24,40.459999999999994
2013-02-25,38.480000000000004
2013-02-26,39.56
2013-02-27,41.45
2013-02-28,45.05
2013-03-01,40.46
2013-03-02,35.42
2013-03-03,34.43
2013-03-04,34.519999999999996
2013-03-05,39.92
2013-03-06,40.01
2013-03-07,35.51
2013-03-08,36.5
2013-03-09,45.050000000000004
2013-03-10,42.980000000000004
2013-03-11,46.94
2013-03-12,50.0
2013-03-13,44.96
2013-03-14,34.97
2013-03-15,38.48
2013-03-16,36.5
2013-03-17,33.44
2013-03-18,31.55
2013-03-19,38.03
2013-03-20,38.480000000000004
2013-03-21,34.97
2013-03-22,34.519999999999996
2013-03-23,39.019999999999996
2013-03-24,40.01
2013-03-25,37.94
2013-03-26,45.05
2013-03-27,44.510000000000005
2013-03-28,44.06
2013-03-29,47.480000000000004
2013-03-30,49.46
2013-03-31,49.010000000000005
2013-04-01,49.55
2013-04-02,38.03
2013-04-03,39.56
2013-04-04,43.07
2013-04-05,52.519999999999996
2013-04-06,43.52
2013-04-07,47.480000000000004
2013-04-08,62.059999999999995
2013-04-09,66.56
2013-04-10,64.49000000000001
2013-04-11,53.51
2013-04-12,43.97
2013-04-13,49.46
2013-04-14,51.53
2013-04-15,51.53
2013-04-16,54.95
2013-04-17,63.050000000000004
2013-04-18,55.04
2013-04-19,63.050000000000004
2013-04-20,51.53
2013-04-21,46.040000000000006
2013-04-22,48.02
2013-04-23,47.03
2013-04-24,56.57000000000001
2013-04-25,56.03
2013-04-26,58.46
2013-04-27,59.54
2013-04-28,60.080000000000005
2013-04-29,54.5
2013-04-30,59.54
2013-05-01,58.010000000000005
2013-05-02,60.440000000000005
2013-05-03,57.47
2013-05-04,58.550000000000004
2013-05-05,55.03999999999999
2013-05-06,57.56
2013-05-07,62.96
2013-05-08,59.0
2013-05-09,60.980000000000004
2013-05-10,68.99000000000001
2013-05-11,65.48
2013-05-12,60.53
2013-05-13,51.44
2013-05-14,51.53
2013-05-15,60.53000000000001
2013-05-16,70.52000000000001
2013-05-17,64.94
2013-05-18,60.44
2013-05-19,57.02
2013-05-20,68.45
2013-05-21,77.0
2013-05-22,68.54
2013-05-23,72.05
2013-05-24,54.95
2013-05-25,49.46
2013-05-26,57.019999999999996
2013-05-27,62.059999999999995
2013-05-28,61.97
2013-05-29,69.97999999999999
2013-05-30,80.96000000000001
2013-05-31,82.49000000000001
2013-06-01,81.5
2013-06-02,78.53
2013-06-03,72.05000000000001
2013-06-04,66.02
2013-06-05,65.93
2013-06-06,64.49000000000001
2013-06-07,60.980000000000004
2013-06-08,67.00999999999999
2013-06-09,71.51
2013-06-10,66.02000000000001
2013-06-11,72.05
2013-06-12,70.43
2013-06-13,62.06000000000001
2013-06-14,62.510000000000005
2013-06-15,70.52000000000001
2013-06-16,72.5
2013-06-17,76.55000000000001
2013-06-18,74.03
2013-06-19,68.0
2013-06-20,71.06
2013-06-21,73.03999999999999
2013-06-22,74.47999999999999
2013-06-23,78.98
2013-06-24,82.94
2013-06-25,82.03999999999999
2013-06-26,79.43
2013-06-27,79.52
2013-06-28,78.97999999999999
2013-06-29,77.0
2013-06-30,79.52
2013-07-01,74.48
2013-07-02,77.0
2013-07-03,77.99
2013-07-04,81.05000000000001
2013-07-05,82.94
2013-07-06,85.01
2013-07-07,85.01
2013-07-08,81.05
2013-07-09,80.96000000000001
2013-07-10,79.97
2013-07-11,79.97
2013-07-12,72.5
2013-07-13,73.94
2013-07-14,81.95
2013-07-15,86.0
2013-07-16,85.46000000000001
2013-07-17,87.98
2013-07-18,89.51
2013-07-19,89.50999999999999
2013-07-20,86.99000000000001
2013-07-21,82.49000000000001
2013-07-22,80.50999999999999
2013-07-23,80.06
2013-07-24,75.47
2013-07-25,66.02
2013-07-26,73.94
2013-07-27,76.00999999999999
2013-07-28,74.03
2013-07-29,77.0
2013-07-30,74.93
2013-07-31,74.93
2013-08-01,70.97
2013-08-02,74.93
2013-08-03,73.04
2013-08-04,73.03999999999999
2013-08-05,70.07000000000001
2013-08-06,73.03999999999999
2013-08-07,75.02000000000001
2013-08-08,75.47
2013-08-09,79.43
2013-08-10,76.46000000000001
2013-08-11,72.95
2013-08-12,76.00999999999999
2013-08-13,72.5
2013-08-14,67.46000000000001
2013-08-15,68.54
2013-08-16,73.03999999999999
2013-08-17,74.03
2013-08-18,71.96000000000001
2013-08-19,72.5
2013-08-20,77.99000000000001
2013-08-21,80.96000000000001
2013-08-22,74.57000000000001
2013-08-23,76.55
2013-08-24,72.5
2013-08-25,73.49
2013-08-26,76.00999999999999
2013-08-27,79.07000000000001
2013-08-28,78.53
2013-08-29,75.56
2013-08-30,77.45
2013-08-31,79.52
2013-09-01,79.52
2013-09-02,77.99
2013-09-03,75.02
2013-09-04,73.49
2013-09-05,72.05
2013-09-06,64.49000000000001
2013-09-07,69.53
2013-09-08,73.49
2013-09-09,65.03
2013-09-10,77.54
2013-09-11,86.53999999999999
2013-09-12,78.53
2013-09-13,68.0
2013-09-14,60.44
2013-09-15,62.059999999999995
2013-09-16,64.49
2013-09-17,57.47
2013-09-18,61.52
2013-09-19,66.56
2013-09-20,69.53
2013-09-21,68.99000000000001
2013-09-22,61.52000000000001
2013-09-23,58.01
2013-09-24,59.989999999999995
2013-09-25,62.51
2013-09-26,64.49000000000001
2013-09-27,63.050000000000004
2013-09-28,64.49
2013-09-29,64.49000000000001
2013-09-30,65.47999999999999
2013-10-01,70.52
2013-10-02,73.49
2013-10-03,70.52000000000001
2013-10-04,76.00999999999999
2013-10-05,69.97999999999999
2013-10-06,67.46000000000001
2013-10-07,68.0
2013-10-08,60.44
2013-10-09,57.56
2013-10-10,59.45
2013-10-11,64.03999999999999
2013-10-12,66.02000000000001
2013-10-13,60.44
2013-10-14,59.0
2013-10-15,62.510000000000005
2013-10-16,61.43
2013-10-17,67.00999999999999
2013-10-18,61.52
2013-10-19,58.01
2013-10-20,56.480000000000004
2013-10-21,58.01
2013-10-22,59.0
2013-10-23,50.0
2013-10-24,47.480000000000004
2013-10-25,46.49
2013-10-26,48.02
2013-10-27,51.980000000000004
2013-10-28,51.980000000000004
2013-10-29,50.0
2013-10-30,53.51
2013-10-31,59.54
2013-11-01,64.49000000000001
2013-11-02,61.52
2013-11-03,46.040000000000006
2013-11-04,40.55
2013-11-05,48.02
2013-11-06,54.95
2013-11-07,54.05
2013-11-08,44.96
2013-11-09,43.97
2013-11-10,52.52
2013-11-11,48.02
2013-11-12,41.540000000000006
2013-11-13,34.07
2013-11-14,42.53
2013-11-15,50.54
2013-11-16,52.519999999999996
2013-11-17,55.58
2013-11-18,58.01
2013-11-19,43.519999999999996
2013-11-20,38.03
2013-11-21,43.52
2013-11-22,54.05
2013-11-23,42.53
2013-11-24,26.689999999999998
2013-11-25,29.12
2013-11-26,40.01
2013-11-27,48.56
2013-11-28,32.63
2013-11-29,34.07
2013-11-30,32.089999999999996
2013-12-01,42.44
2013-12-02,44.96
2013-12-03,45.5
2013-12-04,46.49
2013-12-05,54.05
2013-12-06,49.55
2013-12-07,36.5
2013-12-08,31.1
2013-12-09,35.06
2013-12-10,33.62
2013-12-11,30.11
2013-12-12,26.689999999999998
2013-12-13,29.12
2013-12-14,28.04
2013-12-15,35.06
2013-12-16,29.119999999999997
2013-12-17,28.13
2013-12-18,30.11
2013-12-19,38.57
2013-12-20,47.03
2013-12-21,58.01
2013-12-22,66.02000000000001
2013-12-23,53.059999999999995
2013-12-24,34.16
2013-12-25,25.16
2013-12-26,33.08
2013-12-27,35.510000000000005
2013-12-28,45.5
2013-12-29,44.51
2013-12-30,34.07
2013-12-31,26.6
2014-01-01,28.669999999999998
2014-01-02,25.61
2014-01-03,13.64
2014-01-04,18.68
2014-01-05,33.53
2014-01-06,37.13
2014-01-07,11.659999999999998
2014-01-08,15.620000000000001
2014-01-09,27.05
2014-01-10,33.62
2014-01-11,47.480000000000004
2014-01-12,45.95
2014-01-13,44.06
2014-01-14,48.02
2014-01-15,42.98
2014-01-16,39.019999999999996
2014-01-17,38.57
2014-01-18,35.06
2014-01-19,31.099999999999998
2014-01-20,38.57
2014-01-21,21.11
2014-01-22,11.21
2014-01-23,13.639999999999999
2014-01-24,15.17
2014-01-25,23.72
2014-01-26,25.61
2014-01-27,32.63
2014-01-28,16.7
2014-01-29,18.68
2014-01-30,23.18
2014-01-31,32.089999999999996
2014-02-01,40.46
2014-02-02,47.48
2014-02-03,35.06
2014-02-04,28.580000000000002
2014-02-05,31.549999999999997
2014-02-06,26.6
2014-02-07,28.13
2014-02-08,25.16
2014-02-09,26.15
2014-02-10,25.16
2014-02-11,21.199999999999996
2014-02-12,19.13
2014-02-13,30.11
2014-02-14,35.510000000000005
2014-02-15,32.09
2014-02-16,25.7
2014-02-17,25.07
2014-02-18,32.629999999999995
2014-02-19,39.47
2014-02-20,44.06
2014-02-21,42.44
2014-02-22,46.94
2014-02-23,48.47
2014-02-24,35.6
2014-02-25,28.669999999999998
2014-02-26,25.61
2014-02-27,24.08
2014-02-28,16.7
2014-03-01,28.58
2014-03-02,35.96
2014-03-03,24.62
2014-03-04,21.11
2014-03-05,32.629999999999995
2014-03-06,23.63
2014-03-07,31.64
2014-03-08,46.04
2014-03-09,40.010000000000005
2014-03-10,43.519999999999996
2014-03-11,55.489999999999995
2014-03-12,43.97
2014-03-13,25.07
2014-03-14,34.07
2014-03-15,50.0
2014-03-16,36.14
2014-03-17,29.12
2014-03-18,35.6
2014-03-19,39.019999999999996
2014-03-20,46.94
2014-03-21,45.05
2014-03-22,51.980000000000004
2014-03-23,34.61
2014-03-24,28.130000000000003
2014-03-25,32.629999999999995
2014-03-26,30.11
2014-03-27,33.08
2014-03-28,49.55
2014-03-29,50.99
2014-03-30,43.97
2014-03-31,45.95
2014-04-01,49.55
2014-04-02,48.019999999999996
2014-04-03,56.480000000000004
2014-04-04,43.43
2014-04-05,46.94
2014-04-06,48.47
2014-04-07,48.02
2014-04-08,55.03999999999999
2014-04-09,52.97
2014-04-10,50.0
2014-04-11,65.47999999999999
2014-04-12,61.519999999999996
2014-04-13,65.48
2014-04-14,67.00999999999999
2014-04-15,48.019999999999996
2014-04-16,40.010000000000005
2014-04-17,41.989999999999995
2014-04-18,41.99
2014-04-19,54.5
2014-04-20,52.519999999999996
2014-04-21,53.96
2014-04-22,61.07
2014-04-23,52.52
2014-04-24,52.07
2014-04-25,53.510000000000005
2014-04-26,56.480000000000004
2014-04-27,52.97
2014-04-28,55.94
2014-04-29,47.480000000000004
2014-04-30,46.49
2014-05-01,64.58000000000001
2014-05-02,62.96
2014-05-03,62.510000000000005
2014-05-04,59.45
2014-05-05,59.99
2014-05-06,61.52
2014-05-07,59.540000000000006
2014-05-08,56.03
2014-05-09,59.0
2014-05-10,69.97999999999999
2014-05-11,71.06
2014-05-12,74.47999999999999
2014-05-13,63.05
2014-05-14,61.52
2014-05-15,64.49000000000001
2014-05-16,62.96
2014-05-17,61.52
2014-05-18,59.0
2014-05-19,60.440000000000005
2014-05-20,65.57000000000001
2014-05-21,68.45
2014-05-22,62.96
2014-05-23,63.5
2014-05-24,63.5
2014-05-25,67.55000000000001
2014-05-26,76.00999999999999
2014-05-27,75.02
2014-05-28,59.0
2014-05-29,58.55
2014-05-30,65.03
2014-05-31,65.03
2014-06-01,66.02000000000001
2014-06-02,69.53
2014-06-03,76.01
2014-06-04,72.5
2014-06-05,68.45
2014-06-06,68.45
2014-06-07,71.06
2014-06-08,76.00999999999999
2014-06-09,68.0
2014-06-10,70.97
2014-06-11,65.48
2014-06-12,66.56
2014-06-13,71.96000000000001
2014-06-14,67.00999999999999
2014-06-15,69.53
2014-06-16,71.96000000000001
2014-06-17,80.06
2014-06-18,82.49000000000001
2014-06-19,72.5
2014-06-20,71.50999999999999
2014-06-21,70.07000000000001
2014-06-22,71.50999999999999
2014-06-23,72.95
2014-06-24,74.48
2014-06-25,77.45
2014-06-26,77.45
2014-06-27,74.93
2014-06-28,76.55000000000001
2014-06-29,75.47
2014-06-30,76.55000000000001
2014-07-01,80.51
2014-07-02,81.5
2014-07-03,78.08000000000001
2014-07-04,69.44
2014-07-05,71.96000000000001
2014-07-06,75.02
2014-07-07,80.96000000000001
2014-07-08,81.05
2014-07-09,79.52000000000001
2014-07-10,77.45
2014-07-11,78.53
2014-07-12,77.99000000000001
2014-07-13,77.45
2014-07-14,77.99000000000001
2014-07-15,78.98
2014-07-16,74.48
2014-07-17,73.94
2014-07-18,72.5
2014-07-19,71.96000000000001
2014-07-20,73.03999999999999
2014-07-21,75.92
2014-07-22,78.53
2014-07-23,79.97
2014-07-24,75.02000000000001
2014-07-25,74.03
2014-07-26,75.02000000000001
2014-07-27,77.99000000000001
2014-07-28,75.02
2014-07-29,69.97999999999999
2014-07-30,71.51
2014-07-31,75.02
2014-08-01,77.53999999999999
2014-08-02,68.45
2014-08-03,70.97
2014-08-04,77.0
2014-08-05,80.51
2014-08-06,76.46000000000001
2014-08-07,74.47999999999999
2014-08-08,73.94
2014-08-09,76.55000000000001
2014-08-10,77.99000000000001
2014-08-11,79.07000000000001
2014-08-12,74.48
2014-08-13,75.02
2014-08-14,69.98
2014-08-15,67.00999999999999
2014-08-16,70.52000000000001
2014-08-17,74.03
2014-08-18,71.96000000000001
2014-08-19,72.95
2014-08-20,77.0
2014-08-21,73.94
2014-08-22,71.96000000000001
2014-08-23,71.96000000000001
2014-08-24,72.05
2014-08-25,76.00999999999999
2014-08-26,79.52000000000001
2014-08-27,79.97
2014-08-28,74.03
2014-08-29,70.52000000000001
2014-08-30,72.5
2014-08-31,81.5
2014-09-01,81.5
2014-09-02,84.47
2014-09-03,78.98
2014-09-04,78.08000000000001
2014-09-05,79.52000000000001
2014-09-06,78.97999999999999
2014-09-07,72.95
2014-09-08,69.97999999999999
2014-09-09,68.0
2014-09-10,71.51
2014-09-11,76.01
2014-09-12,70.07000000000001
2014-09-13,63.50000000000001
2014-09-14,62.06
2014-09-15,63.050000000000004
2014-09-16,63.95
2014-09-17,64.03999999999999
2014-09-18,66.47
2014-09-19,59.989999999999995
2014-09-20,66.02
2014-09-21,70.97
2014-09-22,63.050000000000004
2014-09-23,61.52
2014-09-24,64.49000000000001
2014-09-25,60.529999999999994
2014-09-26,67.46000000000001
2014-09-27,71.50999999999999
2014-09-28,74.03
2014-09-29,72.95
2014-09-30,66.56
2014-10-01,62.96
2014-10-02,65.48
2014-10-03,63.5
2014-10-04,60.53000000000001
2014-10-05,53.510000000000005
2014-10-06,59.540000000000006
2014-10-07,67.01
2014-10-08,67.55
2014-10-09,61.52
2014-10-10,58.01
2014-10-11,55.04
2014-10-12,55.489999999999995
2014-10-13,58.46
2014-10-14,69.44
2014-10-15,73.04
2014-10-16,66.02000000000001
2014-10-17,65.03
2014-10-18,62.96
2014-10-19,50.0
2014-10-20,51.08
2014-10-21,60.980000000000004
2014-10-22,53.96
2014-10-23,51.53
2014-10-24,57.019999999999996
2014-10-25,58.46
2014-10-26,58.010000000000005
2014-10-27,55.489999999999995
2014-10-28,62.510000000000005
2014-10-29,61.52
2014-10-30,52.97
2014-10-31,50.0
2014-11-01,44.51
2014-11-02,44.51
2014-11-03,50.0
2014-11-04,60.53
2014-11-05,59.989999999999995
2014-11-06,52.519999999999996
2014-11-07,46.49
2014-11-08,41.989999999999995
2014-11-09,51.53
2014-11-10,52.52
2014-11-11,56.48
2014-11-12,55.94
2014-11-13,41.989999999999995
2014-11-14,38.57
2014-11-15,37.58
2014-11-16,40.010000000000005
2014-11-17,45.95
2014-11-18,34.61
2014-11-19,29.03
2014-11-20,38.03
2014-11-21,32.629999999999995
2014-11-22,36.14
2014-11-23,50.0
2014-11-24,61.07000000000001
2014-11-25,59.54
2014-11-26,42.53
2014-11-27,35.959999999999994
2014-11-28,33.08
2014-11-29,36.05
2014-11-30,50.0
2014-12-01,53.51
2014-12-02,39.02
2014-12-03,43.519999999999996
2014-12-04,41.0
2014-12-05,39.019999999999996
2014-12-06,44.51
2014-12-07,36.14
2014-12-08,30.65
2014-12-09,39.019999999999996
2014-12-10,35.96
2014-12-11,34.519999999999996
2014-12-12,34.97
2014-12-13,39.019999999999996
2014-12-14,41.989999999999995
2014-12-15,42.53
2014-12-16,43.43
2014-12-17,48.019999999999996
2014-12-18,39.56
2014-12-19,34.519999999999996
2014-12-20,31.64
2014-12-21,33.53
2014-12-22,39.56
2014-12-23,44.510000000000005
2014-12-24,50.99
2014-12-25,53.06
2014-12-26,44.96
2014-12-27,49.550000000000004
2014-12-28,48.47
2014-12-29,39.019999999999996
2014-12-30,31.099999999999998
2014-12-31,29.57
2015-01-01,33.08
2015-01-02,38.57
2015-01-03,37.58
2015-01-04,48.47
2015-01-05,35.06
2015-01-06,20.66
2015-01-07,16.16
2015-01-08,14.72
2015-01-09,26.15
2015-01-10,19.669999999999998
2015-01-11,27.59
2015-01-12,37.04
2015-01-13,26.6
2015-01-14,24.08
2015-01-15,30.11
2015-01-16,31.550000000000004
2015-01-17,24.62
2015-01-18,36.59
2015-01-19,39.019999999999996
2015-01-20,35.96
2015-01-21,30.560000000000002
2015-01-22,35.510000000000005
2015-01-23,33.62
2015-01-24,36.05
2015-01-25,36.59
2015-01-26,26.6
2015-01-27,25.16
2015-01-28,25.069999999999997
2015-01-29,27.59
2015-01-30,28.58
2015-01-31,19.669999999999998
2015-02-01,28.04
2015-02-02,24.08
2015-02-03,19.669999999999998
2015-02-04,33.620000000000005
2015-02-05,28.13
2015-02-06,19.67
2015-02-07,32.54
2015-02-08,33.08
2015-02-09,27.14
2015-02-10,33.08
2015-02-11,28.04
2015-02-12,28.04
2015-02-13,14.72
2015-02-14,24.08
2015-02-15,14.629999999999999
2015-02-16,12.2
2015-02-17,20.66
2015-02-18,26.15
2015-02-19,17.69
2015-02-20,10.669999999999998
2015-02-21,22.549999999999997
2015-02-22,37.49
2015-02-23,23.09
2015-02-24,14.179999999999998
2015-02-25,28.58
2015-02-26,26.6
2015-02-27,24.17
2015-02-28,21.11
2015-03-01,27.68
2015-03-02,33.08
2015-03-03,29.57
2015-03-04,40.010000000000005
2015-03-05,29.57
2015-03-06,19.67
2015-03-07,28.04
2015-03-08,42.980000000000004
2015-03-09,46.94
2015-03-10,46.04
2015-03-11,51.53
2015-03-12,41.45
2015-03-13,37.040000000000006
2015-03-14,45.5
2015-03-15,40.010000000000005
2015-03-16,43.52
2015-03-17,45.5
2015-03-18,34.07
2015-03-19,36.050000000000004
2015-03-20,33.53
2015-03-21,38.03
2015-03-22,35.6
2015-03-23,30.56
2015-03-24,35.6
2015-03-25,41.45
2015-03-26,52.07
2015-03-27,42.53
2015-03-28,33.08
2015-03-29,35.6
2015-03-30,44.96
2015-03-31,41.0
2015-04-01,41.54
2015-04-02,53.96
2015-04-03,61.519999999999996
2015-04-04,51.08
2015-04-05,51.53
2015-04-06,52.519999999999996
2015-04-07,52.07
2015-04-08,41.0
2015-04-09,40.010000000000005
2015-04-10,47.48
2015-04-11,50.54
2015-04-12,54.5
2015-04-13,59.0
2015-04-14,59.99
2015-04-15,61.52
2015-04-16,58.01
2015-04-17,63.050000000000004
2015-04-18,69.53
2015-04-19,56.029999999999994
2015-04-20,51.53
2015-04-21,58.46
2015-04-22,58.550000000000004
2015-04-23,46.49
2015-04-24,45.5
2015-04-25,50.0
2015-04-26,55.03999999999999
2015-04-27,55.49
2015-04-28,60.53
2015-04-29,64.04
2015-04-30,57.47
2015-05-01,55.94
2015-05-02,60.98
2015-05-03,65.57
2015-05-04,70.97
2015-05-05,75.47
2015-05-06,66.02
2015-05-07,68.0
2015-05-08,68.99
2015-05-09,63.5
2015-05-10,71.96000000000001
2015-05-11,77.0
2015-05-12,75.02
2015-05-13,61.52
2015-05-14,61.519999999999996
2015-05-15,65.03
2015-05-16,66.02
2015-05-17,73.49
2015-05-18,67.55
2015-05-19,69.53
2015-05-20,60.44
2015-05-21,57.02
2015-05-22,64.49000000000001
2015-05-23,59.45
2015-05-24,68.45
2015-05-25,74.47999999999999
2015-05-26,77.45
2015-05-27,77.45
2015-05-28,77.45
2015-05-29,74.93
2015-05-30,75.92
2015-05-31,72.05000000000001
2015-06-01,54.5
2015-06-02,52.52
2015-06-03,60.980000000000004
2015-06-04,59.45
2015-06-05,62.510000000000005
2015-06-06,68.0
2015-06-07,64.49000000000001
2015-06-08,70.97
2015-06-09,75.47
2015-06-10,73.49
2015-06-11,80.51
2015-06-12,80.50999999999999
2015-06-13,78.98
2015-06-14,77.0
2015-06-15,73.49
2015-06-16,71.96000000000001
2015-06-17,74.03
2015-06-18,67.55
2015-06-19,77.54
2015-06-20,69.53
2015-06-21,79.52000000000001
2015-06-22,78.53
2015-06-23,82.49000000000001
2015-06-24,76.00999999999999
2015-06-25,73.94
2015-06-26,75.02000000000001
2015-06-27,64.49000000000001
2015-06-28,67.55
2015-06-29,69.44
2015-06-30,75.02
2015-07-01,75.56
2015-07-02,74.57000000000001
2015-07-03,74.03
2015-07-04,72.05000000000001
2015-07-05,75.47
2015-07-06,77.45
2015-07-07,81.5
2015-07-08,82.49000000000001
2015-07-09,73.49000000000001
2015-07-10,77.99000000000001
2015-07-11,78.53
2015-07-12,80.51
2015-07-13,80.50999999999999
2015-07-14,77.53999999999999
2015-07-15,76.46000000000001
2015-07-16,72.05
2015-07-17,73.94
2015-07-18,77.99000000000001
2015-07-19,85.55000000000001
2015-07-20,87.97999999999999
2015-07-21,81.5
2015-07-22,77.0
2015-07-23,77.0
2015-07-24,78.53
2015-07-25,78.53
2015-07-26,81.95
2015-07-27,78.53
2015-07-28,85.00999999999999
2015-07-29,87.08000000000001
2015-07-30,81.5
2015-07-31,80.51
2015-08-01,82.03999999999999
2015-08-02,80.06
2015-08-03,82.49000000000001
2015-08-04,79.07000000000001
2015-08-05,79.52000000000001
2015-08-06,74.93
2015-08-07,76.55000000000001
2015-08-08,75.02
2015-08-09,76.46000000000001
2015-08-10,77.0
2015-08-11,76.01
2015-08-12,77.99000000000001
2015-08-13,74.93
2015-08-14,77.45
2015-08-15,82.49
2015-08-16,84.47
2015-08-17,86.54
2015-08-18,81.5
2015-08-19,82.04
2015-08-20,81.5
2015-08-21,79.07000000000001
2015-08-22,77.54
2015-08-23,77.45
2015-08-24,80.06
2015-08-25,81.5
2015-08-26,75.92
2015-08-27,74.47999999999999
2015-08-28,72.5
2015-08-29,77.0
2015-08-30,80.96000000000001
2015-08-31,83.47999999999999
2015-09-01,82.94
2015-09-02,82.49
2015-09-03,83.47999999999999
2015-09-04,78.44
2015-09-05,74.93
2015-09-06,76.01
2015-09-07,80.96000000000001
2015-09-08,86.45
2015-09-09,82.94
2015-09-10,74.48
2015-09-11,73.49000000000001
2015-09-12,74.03
2015-09-13,71.06
2015-09-14,68.0
2015-09-15,73.03999999999999
2015-09-16,77.0
2015-09-17,78.53
2015-09-18,77.54
2015-09-19,75.47
2015-09-20,71.50999999999999
2015-09-21,66.02
2015-09-22,66.56
2015-09-23,69.53
2015-09-24,71.06
2015-09-25,69.44
2015-09-26,66.47
2015-09-27,63.5
2015-09-28,71.51
2015-09-29,77.45
2015-09-30,68.99000000000001
2015-10-01,59.989999999999995
2015-10-02,52.519999999999996
2015-10-03,51.980000000000004
2015-10-04,58.010000000000005
2015-10-05,59.45
2015-10-06,62.51
2015-10-07,65.47999999999999
2015-10-08,65.48
2015-10-09,69.53
2015-10-10,57.47
2015-10-11,61.07000000000001
2015-10-12,66.47
2015-10-13,66.47
2015-10-14,63.050000000000004
2015-10-15,57.559999999999995
2015-10-16,58.55
2015-10-17,49.01
2015-10-18,43.97
2015-10-19,44.06
2015-10-20,59.0
2015-10-21,66.47
2015-10-22,66.47
2015-10-23,54.95
2015-10-24,48.47
2015-10-25,58.01
2015-10-26,51.980000000000004
2015-10-27,51.980000000000004
2015-10-28,61.07000000000001
2015-10-29,65.03
2015-10-30,54.5
2015-10-31,49.01
2015-11-01,59.45
2015-11-02,58.46
2015-11-03,59.99
2015-11-04,62.96
2015-11-05,63.5
2015-11-06,69.97999999999999
2015-11-07,62.510000000000005
2015-11-08,50.989999999999995
2015-11-09,50.99
2015-11-10,54.05
2015-11-11,53.42
2015-11-12,56.03
2015-11-13,51.980000000000004
2015-11-14,45.5
2015-11-15,48.47
2015-11-16,59.0
2015-11-17,45.95
2015-11-18,51.980000000000004
2015-11-19,60.529999999999994
2015-11-20,55.03999999999999
2015-11-21,47.57
2015-11-22,48.56
2015-11-23,38.57
2015-11-24,39.019999999999996
2015-11-25,42.980000000000004
2015-11-26,50.54
2015-11-27,57.559999999999995
2015-11-28,54.5
2015-11-29,43.43
2015-11-30,40.01
2015-12-01,47.57
2015-12-02,51.53
2015-12-03,49.550000000000004
2015-12-04,46.58
2015-12-05,45.5
2015-12-06,46.04
2015-12-07,48.019999999999996
2015-12-08,44.96
2015-12-09,47.480000000000004
2015-12-10,55.58
2015-12-11,55.49
2015-12-12,60.53
2015-12-13,60.980000000000004
2015-12-14,59.99
2015-12-15,60.53
2015-12-16,49.55
2015-12-17,54.5
2015-12-18,47.48
2015-12-19,37.49
2015-12-20,38.480000000000004
2015-12-21,47.48
2015-12-22,57.56
2015-12-23,58.01
2015-12-24,67.46000000000001
2015-12-25,61.519999999999996
2015-12-26,52.97
2015-12-27,53.510000000000005
2015-12-28,40.01
2015-12-29,40.01
2015-12-30,42.98
2015-12-31,45.05
2016-01-01,38.03
2016-01-02,35.96
2016-01-03,40.010000000000005
2016-01-04,25.07
2016-01-05,20.12
2016-01-06,33.08
2016-01-07,38.57
2016-01-08,38.57
2016-01-09,43.43
2016-01-10,49.46
2016-01-11,33.08
2016-01-12,34.61
2016-01-13,26.15
2016-01-14,30.02
2016-01-15,42.53
2016-01-16,47.03
2016-01-17,36.14
2016-01-18,24.62
2016-01-19,22.189999999999998
2016-01-20,32.09
2016-01-21,31.1
2016-01-22,25.7
2016-01-23,25.7
2016-01-24,27.590000000000003
2016-01-25,33.62
2016-01-26,42.98
2016-01-27,40.459999999999994
2016-01-28,37.04
2016-01-29,35.6
2016-01-30,33.62
2016-01-31,45.95
2016-02-01,51.53
2016-02-02,43.97
2016-02-03,50.54
2016-02-04,51.53
2016-02-05,37.58
2016-02-06,35.06
2016-02-07,40.01
2016-02-08,33.62
2016-02-09,31.55
2016-02-10,35.06
2016-02-11,24.62
2016-02-12,21.2
2016-02-13,14.18
2016-02-14,7.25
2016-02-15,24.08
2016-02-16,44.510000000000005
2016-02-17,37.04
2016-02-18,31.55
2016-02-19,31.639999999999997
2016-02-20,50.0
2016-02-21,49.550000000000004
2016-02-22,44.96
2016-02-23,37.49
2016-02-24,48.019999999999996
2016-02-25,49.010000000000005
2016-02-26,33.08
2016-02-27,33.62
2016-02-28,49.01
2016-02-29,53.96
2016-03-01,45.5
2016-03-02,42.080000000000005
2016-03-03,31.1
2016-03-04,34.61
2016-03-05,34.61
2016-03-06,38.03
2016-03-07,48.019999999999996
2016-03-08,56.93
2016-03-09,60.53
2016-03-10,70.97
2016-03-11,58.01
2016-03-12,49.46
2016-03-13,56.03
2016-03-14,45.5
2016-03-15,50.54
2016-03-16,56.48
2016-03-17,53.96
2016-03-18,49.55
2016-03-19,41.0
2016-03-20,37.49
2016-03-21,41.0
2016-03-22,45.5
2016-03-23,59.54
2016-03-24,49.550000000000004
2016-03-25,58.010000000000005
2016-03-26,46.49
2016-03-27,49.010000000000005
2016-03-28,52.07
2016-03-29,46.49
2016-03-30,46.489999999999995
2016-03-31,60.98
2016-04-01,69.98
2016-04-02,54.95
2016-04-03,41.989999999999995
2016-04-04,37.04
2016-04-05,34.61
2016-04-06,39.11
2016-04-07,52.97
2016-04-08,44.96
2016-04-09,39.47
2016-04-10,40.55
2016-04-11,53.96
2016-04-12,51.980000000000004
2016-04-13,48.92
2016-04-14,52.52
2016-04-15,53.51
2016-04-16,55.49
2016-04-17,59.54
2016-04-18,66.56
2016-04-19,64.03999999999999
2016-04-20,59.00000000000001
2016-04-21,60.98
2016-04-22,70.52000000000001
2016-04-23,62.510000000000005
2016-04-24,57.47
2016-04-25,59.540000000000006
2016-04-26,53.51
2016-04-27,54.05
2016-04-28,53.51
2016-04-29,51.44
2016-04-30,55.489999999999995
2016-05-01,48.019999999999996
2016-05-02,52.519999999999996
2016-05-03,53.51
2016-05-04,50.0
2016-05-05,51.53
2016-05-06,50.989999999999995
2016-05-07,54.05
2016-05-08,57.47
2016-05-09,61.970000000000006
2016-05-10,56.480000000000004
2016-05-11,62.96
2016-05-12,68.0
2016-05-13,60.98
2016-05-14,64.49
2016-05-15,52.519999999999996
2016-05-16,54.5
2016-05-17,58.01
2016-05-18,59.99
2016-05-19,63.5
2016-05-20,64.49000000000001
2016-05-21,59.989999999999995
2016-05-22,60.980000000000004
2016-05-23,67.01
2016-05-24,65.47999999999999
2016-05-25,74.48
2016-05-26,79.52000000000001
2016-05-27,80.06
2016-05-28,81.5
2016-05-29,78.53
2016-05-30,75.02
2016-05-31,77.99000000000001
2016-06-01,74.47999999999999
2016-06-02,70.07000000000001
2016-06-03,66.47
2016-06-04,74.47999999999999
2016-06-05,68.0
2016-06-06,73.94
2016-06-07,74.47999999999999
2016-06-08,59.45
2016-06-09,62.510000000000005
2016-06-10,67.00999999999999
2016-06-11,73.49000000000001
2016-06-12,72.5
2016-06-13,65.47999999999999
2016-06-14,68.45
2016-06-15,73.49000000000001
2016-06-16,69.44
2016-06-17,70.52000000000001
2016-06-18,74.03
2016-06-19,77.0
2016-06-20,74.03
2016-06-21,79.52000000000001
2016-06-22,77.0
2016-06-23,76.01
2016-06-24,75.47
2016-06-25,75.02
2016-06-26,77.0
2016-06-27,74.93
2016-06-28,71.96000000000001
2016-06-29,74.93
2016-06-30,75.92
2016-07-01,72.5
2016-07-02,69.44
2016-07-03,71.06
2016-07-04,75.02
2016-07-05,77.54
2016-07-06,83.03
2016-07-07,83.03
2016-07-08,76.46000000000001
2016-07-09,68.45
2016-07-10,73.03999999999999
2016-07-11,72.95
2016-07-12,75.02
2016-07-13,77.99000000000001
2016-07-14,80.50999999999999
2016-07-15,83.48
2016-07-16,82.49000000000001
2016-07-17,82.03999999999999
2016-07-18,82.49000000000001
2016-07-19,77.99
2016-07-20,76.46000000000001
2016-07-21,80.51
2016-07-22,83.93
2016-07-23,88.07
2016-07-24,84.47
2016-07-25,83.03
2016-07-26,80.51
2016-07-27,82.49
2016-07-28,85.00999999999999
2016-07-29,77.0
2016-07-30,78.53
2016-07-31,74.57000000000001
2016-08-01,74.57000000000001
2016-08-02,73.49000000000001
2016-08-03,73.03999999999999
2016-08-04,73.94
2016-08-05,76.01
2016-08-06,79.52000000000001
2016-08-07,77.99000000000001
2016-08-08,78.53
2016-08-09,79.07000000000001
2016-08-10,80.50999999999999
2016-08-11,82.49
2016-08-12,83.03
2016-08-13,88.52000000000001
2016-08-14,86.0
2016-08-15,84.47
2016-08-16,82.58000000000001
2016-08-17,80.96000000000001
2016-08-18,78.44
2016-08-19,80.96000000000001
2016-08-20,76.46000000000001
2016-08-21,79.52
2016-08-22,71.96000000000001
2016-08-23,71.50999999999999
2016-08-24,77.99000000000001
2016-08-25,77.54
2016-08-26,82.49000000000001
2016-08-27,81.05
2016-08-28,80.51
2016-08-29,82.49
2016-08-30,77.54
2016-08-31,81.5
2016-09-01,74.03
2016-09-02,73.49000000000001
2016-09-03,70.52
2016-09-04,72.5
2016-09-05,74.47999999999999
2016-09-06,75.56
2016-09-07,77.99000000000001
2016-09-08,80.06
2016-09-09,83.03
2016-09-10,81.95
2016-09-11,74.93
2016-09-12,70.07000000000001
2016-09-13,73.49
2016-09-14,78.97999999999999
2016-09-15,67.46000000000001
2016-09-16,67.00999999999999
2016-09-17,68.0
2016-09-18,76.00999999999999
2016-09-19,72.5
2016-09-20,75.02
2016-09-21,76.00999999999999
2016-09-22,75.47
2016-09-23,75.56
2016-09-24,64.49000000000001
2016-09-25,61.97
2016-09-26,63.95
2016-09-27,68.99
2016-09-28,62.510000000000005
2016-09-29,60.529999999999994
2016-09-30,57.47
2016-10-01,59.0
2016-10-02,59.989999999999995
2016-10-03,66.02000000000001
2016-10-04,64.58000000000001
2016-10-05,59.99
2016-10-06,64.03999999999999
2016-10-07,66.02
2016-10-08,62.96
2016-10-09,58.01
2016-10-10,55.489999999999995
2016-10-11,54.5
2016-10-12,59.54
2016-10-13,59.99
2016-10-14,54.5
2016-10-15,54.95
2016-10-16,61.07000000000001
2016-10-17,71.96000000000001
2016-10-18,73.94
2016-10-19,74.93
2016-10-20,66.02000000000001
2016-10-21,63.050000000000004
2016-10-22,51.98
2016-10-23,52.97
2016-10-24,54.5
2016-10-25,47.480000000000004
2016-10-26,44.51
2016-10-27,47.480000000000004
2016-10-28,46.58
2016-10-29,51.529999999999994
2016-10-30,64.94
2016-10-31,49.010000000000005
2016-11-01,48.92
2016-11-02,61.97
2016-11-03,64.49000000000001
2016-11-04,53.96
2016-11-05,53.06
2016-11-06,51.980000000000004
2016-11-07,47.03
2016-11-08,53.51
2016-11-09,53.96
2016-11-10,47.93
2016-11-11,51.980000000000004
2016-11-12,43.519999999999996
2016-11-13,50.99
2016-11-14,54.05
2016-11-15,51.44
2016-11-16,52.97
2016-11-17,54.95
2016-11-18,54.05
2016-11-19,50.0
2016-11-20,38.03
2016-11-21,38.480000000000004
2016-11-22,39.019999999999996
2016-11-23,40.010000000000005
2016-11-24,42.98
2016-11-25,49.46
2016-11-26,44.96
2016-11-27,44.51
2016-11-28,44.96
2016-11-29,55.58
2016-11-30,53.96
2016-12-01,48.019999999999996
2016-12-02,45.5
2016-12-03,43.97
2016-12-04,42.98
2016-12-05,43.43
2016-12-06,41.54
2016-12-07,42.980000000000004
2016-12-08,40.010000000000005
2016-12-09,34.07
2016-12-10,31.64
2016-12-11,31.64
2016-12-12,40.01
2016-12-13,39.02
2016-12-14,38.03
2016-12-15,26.599999999999998
2016-12-16,22.19
2016-12-17,31.639999999999997
2016-12-18,44.510000000000005
2016-12-19,27.14
2016-12-20,26.6
2016-12-21,35.06
2016-12-22,42.980000000000004
2016-12-23,42.44
2016-12-24,42.44
2016-12-25,42.980000000000004
2016-12-26,41.54
2016-12-27,50.0
2016-12-28,36.95
2016-12-29,39.56
2016-12-30,36.5
2016-12-31,37.58
2017-01-01,43.97
2017-01-02,39.019999999999996
2017-01-03,41.0
2017-01-04,42.980000000000004
2017-01-05,30.56
2017-01-06,29.119999999999997
2017-01-07,23.18
2017-01-08,20.659999999999997
2017-01-09,18.68
2017-01-10,33.62
2017-01-11,47.03
2017-01-12,56.48
2017-01-13,47.03
2017-01-14,31.099999999999998
2017-01-15,34.07
2017-01-16,36.59
2017-01-17,40.01
2017-01-18,39.47
2017-01-19,43.97
2017-01-20,42.44
2017-01-21,44.96
2017-01-22,45.5
2017-01-23,40.010000000000005
2017-01-24,36.5
2017-01-25,43.519999999999996
2017-01-26,49.46
2017-01-27,39.47
2017-01-28,36.5
2017-01-29,39.02
2017-01-30,33.62
2017-01-31,30.11
2017-02-01,40.01
2017-02-02,38.480000000000004
2017-02-03,29.659999999999997
2017-02-04,28.04
2017-02-05,37.040000000000006
2017-02-06,42.44
2017-02-07,39.019999999999996
2017-02-08,50.0
2017-02-09,31.64
2017-02-10,25.61
2017-02-11,39.11
2017-02-12,35.06
2017-02-13,35.06
2017-02-14,34.61
2017-02-15,41.0
2017-02-16,31.64
2017-02-17,33.62
2017-02-18,49.010000000000005
2017-02-19,59.0
2017-02-20,47.03
2017-02-21,40.459999999999994
2017-02-22,49.55
2017-02-23,54.5
2017-02-24,63.95
2017-02-25,53.510000000000005
2017-02-26,40.010000000000005
2017-02-27,44.510000000000005
2017-02-28,52.97
2017-03-01,61.97
2017-03-02,49.55
2017-03-03,31.639999999999997
2017-03-04,23.72
2017-03-05,25.61
2017-03-06,35.6
2017-03-07,49.01
2017-03-08,52.97
2017-03-09,53.96
2017-03-10,35.06
2017-03-11,23.18
2017-03-12,24.17
2017-03-13,28.04
2017-03-14,26.6
2017-03-15,23.18
2017-03-16,31.639999999999997
2017-03-17,38.03
2017-03-18,36.5
2017-03-19,40.459999999999994
2017-03-20,42.53
2017-03-21,50.54
2017-03-22,37.129999999999995
2017-03-23,32.629999999999995
2017-03-24,46.489999999999995
2017-03-25,52.07
2017-03-26,39.56
2017-03-27,45.05
2017-03-28,43.519999999999996
2017-03-29,51.08
2017-03-30,44.96
2017-03-31,40.010000000000005
2017-04-01,42.53
2017-04-02,51.44
2017-04-03,55.489999999999995
2017-04-04,48.019999999999996
2017-04-05,54.95
2017-04-06,46.49
2017-04-07,45.5
2017-04-08,48.47
2017-04-09,55.94
2017-04-10,63.5
2017-04-11,70.52000000000001
2017-04-12,66.92
2017-04-13,56.48
2017-04-14,57.019999999999996
2017-04-15,58.01
2017-04-16,73.04
2017-04-17,65.93
2017-04-18,55.94
2017-04-19,49.46
2017-04-20,58.01
2017-04-21,50.54
2017-04-22,52.97
2017-04-23,56.03
2017-04-24,54.05
2017-04-25,51.44
2017-04-26,56.57
2017-04-27,63.5
2017-04-28,71.42
2017-04-29,74.47999999999999
2017-04-30,59.45
2017-05-01,61.43
2017-05-02,68.53999999999999
2017-05-03,58.01
2017-05-04,55.489999999999995
2017-05-05,55.04
2017-05-06,59.45
2017-05-07,51.44
2017-05-08,50.54
2017-05-09,54.95
2017-05-10,55.94
2017-05-11,56.57
2017-05-12,56.48
2017-05-13,49.010000000000005
2017-05-14,56.480000000000004
2017-05-15,60.53
2017-05-16,67.46000000000001
2017-05-17,77.45
2017-05-18,83.47999999999999
2017-05-19,78.53
2017-05-20,59.99
2017-05-21,60.53000000000001
2017-05-22,57.02
2017-05-23,62.510000000000005
2017-05-24,62.510000000000005
2017-05-25,57.47
2017-05-26,64.49
2017-05-27,65.03
2017-05-28,64.49000000000001
2017-05-29,58.46
2017-05-30,57.56
2017-05-31,66.47
2017-06-01,68.99000000000001
2017-06-02,66.47
2017-06-03,64.03999999999999
2017-06-04,62.96
2017-06-05,62.42
2017-06-06,54.95
2017-06-07,59.0
2017-06-08,62.06000000000001
2017-06-09,66.56
2017-06-10,75.47
2017-06-11,80.96000000000001
2017-06-12,84.47
2017-06-13,85.46000000000001
2017-06-14,76.55000000000001
2017-06-15,69.97999999999999
2017-06-16,65.48
2017-06-17,69.97999999999999
2017-06-18,77.45
2017-06-19,78.98
2017-06-20,77.0
2017-06-21,77.0
2017-06-22,75.47
2017-06-23,79.43
2017-06-24,77.53999999999999
2017-06-25,75.47
2017-06-26,71.50999999999999
2017-06-27,68.53999999999999
2017-06-28,69.53
2017-06-29,75.02
2017-06-30,80.50999999999999
2017-07-01,77.99000000000001
2017-07-02,79.52000000000001
2017-07-03,79.52000000000001
2017-07-04,77.45
2017-07-05,77.45
2017-07-06,74.03
2017-07-07,74.03
2017-07-08,76.55000000000001
2017-07-09,73.94
2017-07-10,76.00999999999999
2017-07-11,79.97
2017-07-12,82.49000000000001
2017-07-13,81.5
2017-07-14,68.99
2017-07-15,76.00999999999999
2017-07-16,77.54
2017-07-17,78.97999999999999
2017-07-18,80.50999999999999
2017-07-19,84.47
2017-07-20,85.46000000000001
2017-07-21,83.93
2017-07-22,81.5
2017-07-23,75.02000000000001
2017-07-24,68.0
2017-07-25,66.56
2017-07-26,70.97
2017-07-27,71.51
2017-07-28,77.99000000000001
2017-07-29,71.96000000000001
2017-07-30,73.03999999999999
2017-07-31,77.0
2017-08-01,81.5
2017-08-02,77.54
2017-08-03,77.54
2017-08-04,76.55000000000001
2017-08-05,73.58000000000001
2017-08-06,69.97999999999999
2017-08-07,67.55
2017-08-08,71.51
2017-08-09,74.47999999999999
2017-08-10,75.47
2017-08-11,75.56
2017-08-12,70.52
2017-08-13,77.0
2017-08-14,75.02000000000001
2017-08-15,70.97
2017-08-16,78.53
2017-08-17,76.01
2017-08-18,77.53999999999999
2017-08-19,79.52
2017-08-20,75.02000000000001
2017-08-21,79.07000000000001
2017-08-22,80.51
2017-08-23,75.47
2017-08-24,72.5
2017-08-25,70.52000000000001
2017-08-26,70.07000000000001
2017-08-27,70.52000000000001
2017-08-28,69.44
2017-08-29,64.49000000000001
2017-08-30,69.08000000000001
2017-08-31,72.5
2017-09-01,63.050000000000004
2017-09-02,60.980000000000004
2017-09-03,64.04
2017-09-04,70.52000000000001
2017-09-05,77.0
2017-09-06,66.47
2017-09-07,65.03
2017-09-08,64.49000000000001
2017-09-09,62.510000000000005
2017-09-10,64.49000000000001
2017-09-11,65.48
2017-09-12,68.54
2017-09-13,73.49
2017-09-14,75.47
2017-09-15,73.94
2017-09-16,76.00999999999999
2017-09-17,74.48
2017-09-18,70.52
2017-09-19,73.58000000000001
2017-09-20,75.02000000000001
2017-09-21,75.56
2017-09-22,74.03
2017-09-23,77.54
2017-09-24,80.06
2017-09-25,78.98
2017-09-26,76.00999999999999
2017-09-27,78.08000000000001
2017-09-28,68.99000000000001
2017-09-29,61.52
2017-09-30,59.989999999999995
2017-10-01,59.0
2017-10-02,62.51
2017-10-03,64.03999999999999
2017-10-04,65.47999999999999
2017-10-05,73.94
2017-10-06,75.02
2017-10-07,73.49000000000001
2017-10-08,74.48
2017-10-09,74.03
2017-10-10,73.49000000000001
2017-10-11,68.53999999999999
2017-10-12,59.54
2017-10-13,59.45
2017-10-14,66.47
2017-10-15,69.44
2017-10-16,57.56
2017-10-17,50.0
2017-10-18,60.980000000000004
2017-10-19,63.5
2017-10-20,65.03
2017-10-21,67.01
2017-10-22,66.47
2017-10-23,67.46000000000001
2017-10-24,70.43
2017-10-25,61.97
2017-10-26,53.96
2017-10-27,54.5
2017-10-28,62.06000000000001
2017-10-29,63.5
2017-10-30,53.510000000000005
2017-10-31,50.989999999999995
2017-11-01,50.99
2017-11-02,64.94
2017-11-03,62.51
2017-11-04,50.989999999999995
2017-11-05,56.03
2017-11-06,56.03
2017-11-07,44.42
2017-11-08,43.97
2017-11-09,47.03
2017-11-10,38.12
2017-11-11,31.099999999999998
2017-11-12,39.019999999999996
2017-11-13,42.98
2017-11-14,41.54
2017-11-15,44.06
2017-11-16,50.0
2017-11-17,41.989999999999995
2017-11-18,44.959999999999994
2017-11-19,48.47
2017-11-20,41.45
2017-11-21,50.0
2017-11-22,45.5
2017-11-23,37.040000000000006
2017-11-24,42.53
2017-11-25,50.0
2017-11-26,45.5
2017-11-27,45.05
2017-11-28,44.96
2017-11-29,52.519999999999996
2017-11-30,45.5
2017-12-01,47.03
2017-12-02,43.519999999999996
2017-12-03,45.05
2017-12-04,45.5
2017-12-05,55.49
2017-12-06,49.46
2017-12-07,40.55
2017-12-08,36.5
2017-12-09,32.63
2017-12-10,34.07
2017-12-11,37.04
2017-12-12,39.56
2017-12-13,25.61
2017-12-14,27.05
2017-12-15,24.17
2017-12-16,31.099999999999998
2017-12-17,34.97
2017-12-18,40.459999999999994
2017-12-19,50.0
2017-12-20,42.53
2017-12-21,35.51
2017-12-22,42.53
2017-12-23,42.98
2017-12-24,38.480000000000004
2017-12-25,33.08
2017-12-26,25.7
2017-12-27,20.75
2017-12-28,14.63
2017-12-29,16.61
2017-12-30,20.21
2017-12-31,15.17
2018-01-01,13.189999999999998
2018-01-02,19.669999999999998
2018-01-03,23.18
2018-01-04,24.17
2018-01-05,14.18
2018-01-06,9.679999999999998
2018-01-07,11.66
2018-01-08,24.17
2018-01-09,37.13
2018-01-10,36.59
2018-01-11,47.03
2018-01-12,52.52
2018-01-13,38.57
2018-01-14,20.21
2018-01-15,23.18
2018-01-16,30.560000000000002
2018-01-17,29.03
2018-01-18,25.07
2018-01-19,32.629999999999995
2018-01-20,44.96
2018-01-21,46.04
2018-01-22,43.43
2018-01-23,49.01
2018-01-24,35.6
2018-01-25,28.58
2018-01-26,32.089999999999996
2018-01-27,45.5
2018-01-28,50.540000000000006
2018-01-29,41.0
2018-01-30,30.11
2018-01-31,25.61
2018-02-01,38.480000000000004
2018-02-02,29.12
2018-02-03,23.63
2018-02-04,38.12
2018-02-05,33.08
2018-02-06,31.64
2018-02-07,37.58
2018-02-08,29.119999999999997
2018-02-09,32.629999999999995
2018-02-10,44.51
2018-02-11,53.510000000000005
2018-02-12,47.03
2018-02-13,32.089999999999996
2018-02-14,44.06
2018-02-15,54.05
2018-02-16,46.94
2018-02-17,34.07
2018-02-18,38.57
2018-02-19,42.44
2018-02-20,56.93
2018-02-21,66.56
2018-02-22,48.019999999999996
2018-02-23,39.019999999999996
2018-02-24,48.56
2018-02-25,41.99
2018-02-26,47.480000000000004
2018-02-27,47.48
2018-02-28,51.53
2018-03-01,52.07
2018-03-02,39.019999999999996
2018-03-03,42.44
2018-03-04,39.019999999999996
2018-03-05,38.03
2018-03-06,39.47
2018-03-07,36.05
2018-03-08,36.05
2018-03-09,36.14
2018-03-10,35.510000000000005
2018-03-11,38.480000000000004
2018-03-12,37.49
2018-03-13,36.5
2018-03-14,36.05
2018-03-15,40.01
2018-03-16,35.06
2018-03-17,37.58
2018-03-18,35.6
2018-03-19,40.01
2018-03-20,34.61
2018-03-21,35.06
2018-03-22,41.0
2018-03-23,41.99
2018-03-24,43.07
2018-03-25,39.019999999999996
2018-03-26,41.989999999999995
2018-03-27,40.459999999999994
2018-03-28,44.96
2018-03-29,50.99
2018-03-30,53.06
2018-03-31,48.47
2018-04-01,51.53
2018-04-02,38.03
2018-04-03,41.0
2018-04-04,47.93
2018-04-05,39.47
2018-04-06,49.55
2018-04-07,42.980000000000004
2018-04-08,39.019999999999996
2018-04-09,40.46
2018-04-10,44.51
2018-04-11,44.06
2018-04-12,54.5
2018-04-13,71.06
2018-04-14,60.53
2018-04-15,41.0
2018-04-16,49.55
2018-04-17,42.98
2018-04-18,46.040000000000006
2018-04-19,43.43
2018-04-20,43.519999999999996
2018-04-21,50.989999999999995
2018-04-22,55.49
2018-04-23,57.019999999999996
2018-04-24,56.03
2018-04-25,56.03
2018-04-26,62.510000000000005
2018-04-27,55.04
2018-04-28,59.0
2018-04-29,52.97
2018-04-30,47.57
2018-05-01,64.03999999999999
2018-05-02,77.45
2018-05-03,80.96000000000001
2018-05-04,77.99000000000001
2018-05-05,68.45
2018-05-06,60.98
2018-05-07,65.48
2018-05-08,63.5
2018-05-09,65.48
2018-05-10,59.989999999999995
2018-05-11,66.56
2018-05-12,57.019999999999996
2018-05-13,52.97
2018-05-14,61.52
2018-05-15,74.48
2018-05-16,59.989999999999995
2018-05-17,63.5
2018-05-18,61.43
2018-05-19,52.43
2018-05-20,68.45
2018-05-21,68.45
2018-05-22,61.52
2018-05-23,69.98
2018-05-24,72.95
2018-05-25,75.47
2018-05-26,80.51
2018-05-27,68.0
2018-05-28,62.510000000000005
2018-05-29,76.01
2018-05-30,69.53
2018-05-31,65.48
2018-06-01,72.95
2018-06-02,76.55000000000001
2018-06-03,58.55
2018-06-04,61.07
2018-06-05,66.47
2018-06-06,64.49000000000001
2018-06-07,65.57
2018-06-08,71.06
2018-06-09,74.93
2018-06-10,65.47999999999999
2018-06-11,65.47999999999999
2018-06-12,66.02
2018-06-13,70.52000000000001
2018-06-14,75.47
2018-06-15,69.44
2018-06-16,74.47999999999999
2018-06-17,78.53
2018-06-18,82.03999999999999
2018-06-19,81.5
2018-06-20,76.01
2018-06-21,73.94
2018-06-22,68.53999999999999
2018-06-23,64.03999999999999
2018-06-24,75.02
2018-06-25,73.94
2018-06-26,69.53
2018-06-27,69.53
2018-06-28,76.46000000000001
2018-06-29,79.52000000000001
2018-06-30,82.49000000000001
2018-07-01,87.53
2018-07-02,86.99000000000001
2018-07-03,84.47
2018-07-04,81.5
2018-07-05,82.94
2018-07-06,74.57000000000001
2018-07-07,70.07000000000001
2018-07-08,73.03999999999999
2018-07-09,77.0
2018-07-10,82.49000000000001
2018-07-11,80.96000000000001
2018-07-12,74.03
2018-07-13,76.00999999999999
2018-07-14,78.98
2018-07-15,76.01
2018-07-16,82.49000000000001
2018-07-17,78.98
2018-07-18,75.47
2018-07-19,74.47999999999999
2018-07-20,75.56
2018-07-21,71.96000000000001
2018-07-22,74.48
2018-07-23,76.55
2018-07-24,78.53
2018-07-25,74.48
2018-07-26,78.44
2018-07-27,77.0
2018-07-28,77.45
2018-07-29,76.00999999999999
2018-07-30,73.04
2018-07-31,75.02
2018-08-01,78.97999999999999
2018-08-02,80.96000000000001
2018-08-03,78.97999999999999
2018-08-04,77.99000000000001
2018-08-05,82.03999999999999
2018-08-06,84.47
2018-08-07,81.95
2018-08-08,82.94
2018-08-09,79.52
2018-08-10,78.98
2018-08-11,75.02000000000001
2018-08-12,77.99000000000001
2018-08-13,73.03999999999999
2018-08-14,76.55
2018-08-15,77.99000000000001
2018-08-16,81.95
2018-08-17,79.52000000000001
2018-08-18,77.99000000000001
2018-08-19,69.44
2018-08-20,70.43
2018-08-21,72.5
2018-08-22,76.55
2018-08-23,70.97
2018-08-24,73.49
2018-08-25,74.03
2018-08-26,76.01
2018-08-27,80.96000000000001
2018-08-28,86.45
2018-08-29,86.45
2018-08-30,84.02000000000001
2018-08-31,73.58000000000001
2018-09-01,73.58000000000001
2018-09-02,74.48
2018-09-03,82.49000000000001
2018-09-04,84.47
2018-09-05,83.03
2018-09-06,83.03
2018-09-07,72.05000000000001
2018-09-08,66.02000000000001
2018-09-09,58.550000000000004
2018-09-10,59.0
2018-09-11,68.0
2018-09-12,74.03
2018-09-13,72.5
2018-09-14,71.50999999999999
2018-09-15,73.49000000000001
2018-09-16,75.47
2018-09-17,73.49000000000001
2018-09-18,74.48
2018-09-19,74.48
2018-09-20,68.45
2018-09-21,69.44
2018-09-22,68.0
2018-09-23,63.05
2018-09-24,63.050000000000004
2018-09-25,66.02
2018-09-26,75.56
2018-09-27,66.47
2018-09-28,60.44
2018-09-29,64.94
2018-09-30,61.97
2018-10-01,69.44
2018-10-02,70.97
2018-10-03,68.45
2018-10-04,68.45
2018-10-05,65.57
2018-10-06,65.48
2018-10-07,72.95
2018-10-08,68.99
2018-10-09,71.50999999999999
2018-10-10,75.56
2018-10-11,73.04
2018-10-12,59.54
2018-10-13,50.540000000000006
2018-10-14,52.43
2018-10-15,59.99
2018-10-16,53.51
2018-10-17,53.510000000000005
2018-10-18,46.04
2018-10-19,51.53
2018-10-20,56.57
2018-10-21,45.05
2018-10-22,44.51
2018-10-23,55.94
2018-10-24,49.010000000000005
2018-10-25,45.5
2018-10-26,43.97
2018-10-27,47.57
2018-10-28,48.47
2018-10-29,51.44
2018-10-30,48.56
2018-10-31,54.05
2018-11-01,63.5
2018-11-02,68.0
2018-11-03,56.48
2018-11-04,49.010000000000005
2018-11-05,50.54
2018-11-06,53.96
2018-11-07,56.57
2018-11-08,50.45
2018-11-09,45.95
2018-11-10,41.989999999999995
2018-11-11,39.56
2018-11-12,42.980000000000004
2018-11-13,46.49
2018-11-14,37.49
2018-11-15,34.07
2018-11-16,39.47
2018-11-17,41.989999999999995
2018-11-18,41.54
2018-11-19,45.5
2018-11-20,42.98
2018-11-21,35.6
2018-11-22,22.73
2018-11-23,23.63
2018-11-24,40.010000000000005
2018-11-25,50.0
2018-11-26,49.010000000000005
2018-11-27,41.0
2018-11-28,39.019999999999996
2018-11-29,41.989999999999995
2018-11-30,40.46
2018-12-01,41.0
2018-12-02,49.01
2018-12-03,50.540000000000006
2018-12-04,38.57
2018-12-05,32.629999999999995
2018-12-06,35.06
2018-12-07,33.62
2018-12-08,30.11
2018-12-09,32.09
2018-12-10,34.07
2018-12-11,35.06
2018-12-12,37.04
2018-12-13,36.5
2018-12-14,45.5
2018-12-15,49.010000000000005
2018-12-16,40.55
2018-12-17,41.54
2018-12-18,34.07
2018-12-19,34.16
2018-12-20,41.989999999999995
2018-12-21,53.96
2018-12-22,46.94
2018-12-23,39.47
2018-12-24,39.47
2018-12-25,36.5
2018-12-26,37.49
2018-12-27,40.55
2018-12-28,51.53
2018-12-29,48.019999999999996
2018-12-30,36.5
2018-12-31,41.989999999999995
2019-01-01,48.47
2019-01-02,37.49
2019-01-03,40.55
2019-01-04,41.0
2019-01-05,43.97
2019-01-06,40.010000000000005
2019-01-07,29.57
2019-01-08,39.47
2019-01-09,39.47
2019-01-10,31.099999999999998
2019-01-11,25.7
2019-01-12,27.049999999999997
2019-01-13,29.119999999999997
2019-01-14,27.05
2019-01-15,30.560000000000002
2019-01-16,34.61
2019-01-17,28.669999999999998
2019-01-18,34.07
2019-01-19,34.519999999999996
2019-01-20,28.13
2019-01-21,9.139999999999999
2019-01-22,22.1
2019-01-23,41.540000000000006
2019-01-24,47.03
2019-01-25,34.07
2019-01-26,29.66
2019-01-27,40.46
2019-01-28,31.549999999999997
2019-01-29,34.07
2019-01-30,20.66
2019-01-31,9.139999999999997
2019-02-01,16.16
2019-02-02,25.069999999999997
2019-02-03,43.07
2019-02-04,50.99
2019-02-05,54.5
2019-02-06,40.55
2019-02-07,41.54
2019-02-08,43.52
2019-02-09,27.59
2019-02-10,29.12
2019-02-11,34.07
2019-02-12,31.1
2019-02-13,37.04
2019-02-14,39.56
2019-02-15,50.54
2019-02-16,39.47
2019-02-17,32.089999999999996
2019-02-18,34.16
2019-02-19,29.57
2019-02-20,29.659999999999997
2019-02-21,42.53
2019-02-22,40.010000000000005
2019-02-23,37.04
2019-02-24,41.45
2019-02-25,35.6
2019-02-26,30.560000000000002
2019-02-27,27.14
2019-02-28,32.09
2019-03-01,30.65
2019-03-02,36.05
2019-03-03,37.58
2019-03-04,33.08
2019-03-05,26.060000000000002
2019-03-06,22.729999999999997
2019-03-07,25.07
2019-03-08,31.639999999999997
2019-03-09,41.45
2019-03-10,39.02
2019-03-11,46.04
2019-03-12,39.019999999999996
2019-03-13,40.46
2019-03-14,49.55
2019-03-15,61.97
2019-03-16,47.480000000000004
2019-03-17,39.47
2019-03-18,39.019999999999996
2019-03-19,43.07
2019-03-20,45.05
2019-03-21,43.519999999999996
2019-03-22,43.43
2019-03-23,41.54
2019-03-24,49.01
2019-03-25,49.01
2019-03-26,41.0
2019-03-27,40.459999999999994
2019-03-28,45.05
2019-03-29,53.96
2019-03-30,60.980000000000004
2019-03-31,51.98
2019-04-01,39.56
2019-04-02,45.5
2019-04-03,53.96
2019-04-04,52.07
2019-04-05,41.45
2019-04-06,53.51
2019-04-07,58.55
2019-04-08,63.95
2019-04-09,48.56
2019-04-10,52.519999999999996
2019-04-11,47.480000000000004
2019-04-12,57.019999999999996
2019-04-13,68.0
2019-04-14,66.56
2019-04-15,55.489999999999995
2019-04-16,55.04
2019-04-17,55.489999999999995
2019-04-18,56.57
2019-04-19,68.99000000000001
2019-04-20,59.54
2019-04-21,59.54
2019-04-22,58.01
2019-04-23,66.47
2019-04-24,62.06000000000001
2019-04-25,57.019999999999996
2019-04-26,55.04
2019-04-27,52.43
2019-04-28,49.010000000000005
2019-04-29,50.54
2019-04-30,54.05
2019-05-01,52.97
2019-05-02,64.04
2019-05-03,52.97
2019-05-04,62.06
2019-05-05,54.5
2019-05-06,62.51
2019-05-07,60.980000000000004
2019-05-08,63.050000000000004
2019-05-09,57.02
2019-05-10,64.49
2019-05-11,62.510000000000005
2019-05-12,50.99
2019-05-13,45.05
2019-05-14,48.02
2019-05-15,56.57000000000001
2019-05-16,62.51
2019-05-17,68.0
2019-05-18,65.47999999999999
2019-05-19,68.0
2019-05-20,75.47
2019-05-21,63.5
2019-05-22,63.95
2019-05-23,63.50000000000001
2019-05-24,67.00999999999999
2019-05-25,63.050000000000004
2019-05-26,72.5
2019-05-27,72.05
2019-05-28,66.56
2019-05-29,62.96
2019-05-30,63.5
2019-05-31,71.51
2019-06-01,71.51
2019-06-02,70.97
2019-06-03,63.95
2019-06-04,61.97
2019-06-05,72.5
2019-06-06,75.47
2019-06-07,73.49000000000001
2019-06-08,71.96000000000001
2019-06-09,69.08000000000001
2019-06-10,65.03
2019-06-11,69.98
2019-06-12,66.47
2019-06-13,59.99
2019-06-14,65.47999999999999
2019-06-15,70.52000000000001
2019-06-16,72.5
2019-06-17,72.5
2019-06-18,69.97999999999999
2019-06-19,68.53999999999999
2019-06-20,71.51
2019-06-21,70.97
2019-06-22,69.98
2019-06-23,73.49
2019-06-24,75.47
2019-06-25,77.99000000000001
2019-06-26,79.52000000000001
2019-06-27,80.06
2019-06-28,81.05
2019-06-29,81.5
2019-06-30,76.01
2019-07-01,74.93
2019-07-02,77.99000000000001
2019-07-03,81.05000000000001
2019-07-04,81.95
2019-07-05,78.98
2019-07-06,82.94
2019-07-07,78.98
2019-07-08,73.04
2019-07-09,78.08000000000001
2019-07-10,80.96000000000001
2019-07-11,80.06
2019-07-12,79.52000000000001
2019-07-13,77.45
2019-07-14,82.49000000000001
2019-07-15,76.46000000000001
2019-07-16,81.5
2019-07-17,83.03
2019-07-18,75.02000000000001
2019-07-19,81.05
2019-07-20,88.52
2019-07-21,87.53
2019-07-22,80.96000000000001
2019-07-23,70.43
2019-07-24,74.93
2019-07-25,77.0
2019-07-26,78.53
2019-07-27,78.44
2019-07-28,79.52000000000001
2019-07-29,81.5
2019-07-30,85.01
2019-07-31,78.53
2019-08-01,78.53
2019-08-02,78.53
2019-08-03,77.0
2019-08-04,78.08000000000001
2019-08-05,76.00999999999999
2019-08-06,75.02000000000001
2019-08-07,76.55000000000001
2019-08-08,75.47
2019-08-09,75.47
2019-08-10,73.49000000000001
2019-08-11,71.51
2019-08-12,76.46000000000001
2019-08-13,75.02000000000001
2019-08-14,78.53
2019-08-15,77.45
2019-08-16,73.49000000000001
2019-08-17,80.06
2019-08-18,79.97
2019-08-19,80.96000000000001
2019-08-20,81.5
2019-08-21,80.51
2019-08-22,80.51
2019-08-23,69.44
2019-08-24,69.97999999999999
2019-08-25,69.98
2019-08-26,67.46000000000001
2019-08-27,68.53999999999999
2019-08-28,70.43
2019-08-29,72.95
2019-08-30,76.46000000000001
2019-08-31,75.02000000000001
2019-09-01,70.52000000000001
2019-09-02,71.51
2019-09-03,74.47999999999999
2019-09-04,77.54
2019-09-05,69.44
2019-09-06,62.42
2019-09-07,65.47999999999999
2019-09-08,69.98
2019-09-09,71.06
2019-09-10,70.97
2019-09-11,78.53
2019-09-12,70.97
2019-09-13,64.49000000000001
2019-09-14,67.46000000000001
2019-09-15,75.02
2019-09-16,72.5
2019-09-17,68.99000000000001
2019-09-18,63.050000000000004
2019-09-19,60.980000000000004
2019-09-20,67.01
2019-09-21,72.5
2019-09-22,76.46000000000001
2019-09-23,79.52000000000001
2019-09-24,69.44
2019-09-25,68.45
2019-09-26,72.95
2019-09-27,67.46000000000001
2019-09-28,73.49
2019-09-29,72.5
2019-09-30,65.57
2019-10-01,71.96000000000001
2019-10-02,77.99
2019-10-03,58.010000000000005
2019-10-04,58.01
2019-10-05,52.97
2019-10-06,63.5
2019-10-07,68.99000000000001
2019-10-08,60.529999999999994
2019-10-09,55.04
2019-10-10,62.06
2019-10-11,59.54
2019-10-12,60.980000000000004
2019-10-13,59.99
2019-10-14,64.94
2019-10-15,57.559999999999995
2019-10-16,59.0
2019-10-17,54.05
2019-10-18,52.43
2019-10-19,51.53
2019-10-20,53.96
2019-10-21,59.0
2019-10-22,59.0
2019-10-23,59.45
2019-10-24,58.46
2019-10-25,58.46
2019-10-26,57.47
2019-10-27,60.980000000000004
2019-10-28,59.0
2019-10-29,56.480000000000004
2019-10-30,60.44
2019-10-31,65.57
2019-11-01,56.57
2019-11-02,46.49
2019-11-03,48.019999999999996
2019-11-04,48.47
2019-11-05,56.03
2019-11-06,49.46
2019-11-07,49.01
2019-11-08,35.06
2019-11-09,34.07
2019-11-10,44.51
2019-11-11,54.05
2019-11-12,41.089999999999996
2019-11-13,28.58
2019-11-14,36.59
2019-11-15,44.06
2019-11-16,36.59
2019-11-17,36.59
2019-11-18,39.56
2019-11-19,43.97
2019-11-20,44.42
2019-11-21,46.04
2019-11-22,45.5
2019-11-23,39.47
2019-11-24,42.980000000000004
2019-11-25,46.04
2019-11-26,52.52
2019-11-27,53.96
2019-11-28,45.05
2019-11-29,35.06
2019-11-30,37.040000000000006
2019-12-01,34.61
2019-12-02,34.07
2019-12-03,33.08
2019-12-04,35.51
2019-12-05,39.019999999999996
2019-12-06,41.989999999999995
2019-12-07,34.07
2019-12-08,37.129999999999995
2019-12-09,48.56
2019-12-10,48.47
2019-12-11,35.510000000000005
2019-12-12,31.1
2019-12-13,40.55
2019-12-14,50.45
2019-12-15,42.980000000000004
2019-12-16,35.06
2019-12-17,33.53
2019-12-18,28.58
2019-12-19,20.659999999999997
2019-12-20,27.59
2019-12-21,29.12
2019-12-22,38.12
2019-12-23,49.01
2019-12-24,41.45
2019-12-25,39.47
2019-12-26,41.0
2019-12-27,50.0
2019-12-28,47.03
2019-12-29,41.54
2019-12-30,39.019999999999996
2019-12-31,40.46
2020-01-01,37.489999999999995
2020-01-02,41.0
2020-01-03,46.49
2020-01-04,46.04
2020-01-05,38.57
2020-01-06,38.480000000000004
2020-01-07,40.46
2020-01-08,35.15
2020-01-09,28.58
2020-01-10,44.06
2020-01-11,60.080000000000005
2020-01-12,55.49
2020-01-13,41.54
2020-01-14,42.53
2020-01-15,45.5
2020-01-16,41.0
2020-01-17,27.14
2020-01-18,28.58
2020-01-19,35.06
2020-01-20,25.61
2020-01-21,26.6
2020-01-22,31.549999999999997
2020-01-23,40.01
2020-01-24,44.06
2020-01-25,44.51
2020-01-26,41.989999999999995
2020-01-27,41.0
2020-01-28,40.010000000000005
2020-01-29,36.05
2020-01-30,31.549999999999997
2020-01-31,38.57
2020-02-01,40.010000000000005
2020-02-02,40.010000000000005
2020-02-03,47.03
2020-02-04,51.980000000000004
2020-02-05,47.03
2020-02-06,38.03
2020-02-07,44.51
2020-02-08,35.6
2020-02-09,37.58
2020-02-10,44.51
2020-02-11,45.5
2020-02-12,41.54
2020-02-13,40.55
2020-02-14,29.03
2020-02-15,22.64
2020-02-16,37.13
2020-02-17,44.51
2020-02-18,42.44
2020-02-19,40.01
2020-02-20,30.65
2020-02-21,27.590000000000003
2020-02-22,40.1
2020-02-23,47.48
2020-02-24,51.53
2020-02-25,49.55
2020-02-26,45.5
2020-02-27,37.040000000000006
2020-02-28,35.6
2020-02-29,30.11
2020-03-01,34.61
2020-03-02,48.92
2020-03-03,53.96
2020-03-04,50.45
2020-03-05,45.05
2020-03-06,41.0
2020-03-07,41.989999999999995
2020-03-08,47.03
2020-03-09,59.45
2020-03-10,59.45
2020-03-11,50.0
2020-03-12,46.49
2020-03-13,57.47
2020-03-14,50.0
2020-03-15,46.94
2020-03-16,39.019999999999996
2020-03-17,47.480000000000004
2020-03-18,47.480000000000004
2020-03-19,46.49
2020-03-20,61.97
2020-03-21,52.43
2020-03-22,39.019999999999996
2020-03-23,38.480000000000004
2020-03-24,45.5
2020-03-25,42.44
2020-03-26,49.01
2020-03-27,59.540000000000006
2020-03-28,49.010000000000005
2020-03-29,45.5
2020-03-30,46.49
2020-03-31,44.96
2020-04-01,46.94
2020-04-02,47.93
2020-04-03,48.47
2020-04-04,54.05
2020-04-05,55.94
2020-04-06,57.47
2020-04-07,59.99
2020-04-08,56.48
2020-04-09,50.99
2020-04-10,42.980000000000004
2020-04-11,46.94
2020-04-12,53.510000000000005
2020-04-13,59.99
2020-04-14,53.51
2020-04-15,48.019999999999996
2020-04-16,43.97
2020-04-17,43.519999999999996
2020-04-18,43.519999999999996
2020-04-19,51.44
2020-04-20,52.519999999999996
2020-04-21,50.0
2020-04-22,43.519999999999996
2020-04-23,45.95
2020-04-24,45.5
2020-04-25,54.5
2020-04-26,46.58
2020-04-27,44.51
2020-04-28,53.96
2020-04-29,52.97
2020-04-30,54.5
2020-05-01,59.54
2020-05-02,62.059999999999995
2020-05-03,67.01
2020-05-04,62.51
2020-05-05,54.5
2020-05-06,48.47
2020-05-07,56.480000000000004
2020-05-08,46.489999999999995
2020-05-09,41.0
2020-05-10,51.529999999999994
2020-05-11,52.52
2020-05-12,50.99
2020-05-13,52.519999999999996
2020-05-14,56.93
2020-05-15,72.05
2020-05-16,68.0
2020-05-17,62.06000000000001
2020-05-18,61.97
2020-05-19,60.53
2020-05-20,57.47
2020-05-21,57.019999999999996
2020-05-22,65.48
2020-05-23,60.980000000000004
2020-05-24,59.45
2020-05-25,63.050000000000004
2020-05-26,68.0
2020-05-27,69.53
2020-05-28,69.97999999999999
2020-05-29,73.94
2020-05-30,73.94
2020-05-31,62.96
2020-06-01,60.53
2020-06-02,65.48
2020-06-03,69.53
2020-06-04,75.02
2020-06-05,74.03
2020-06-06,77.99000000000001
2020-06-07,69.44
2020-06-08,68.99000000000001
2020-06-09,76.01
2020-06-10,77.45
2020-06-11,77.0
2020-06-12,77.0
2020-06-13,67.00999999999999
2020-06-14,63.95
2020-06-15,67.00999999999999
2020-06-16,69.08000000000001
2020-06-17,69.08000000000001
2020-06-18,70.97
2020-06-19,73.94
2020-06-20,77.99000000000001
2020-06-21,78.98
2020-06-22,80.96000000000001
2020-06-23,80.51
2020-06-24,79.97
2020-06-25,79.52000000000001
2020-06-26,78.08000000000001
2020-06-27,76.01
2020-06-28,79.97
2020-06-29,76.01
2020-06-30,73.49000000000001
2020-07-01,73.49000000000001
2020-07-02,79.97
2020-07-03,80.51
2020-07-04,77.54
2020-07-05,81.95
2020-07-06,83.03
2020-07-07,77.0
2020-07-08,78.97999999999999
2020-07-09,82.03999999999999
2020-07-10,75.02
2020-07-11,77.45
2020-07-12,79.07000000000001
2020-07-13,77.99000000000001
2020-07-14,77.45
2020-07-15,76.00999999999999
2020-07-16,73.58000000000001
2020-07-17,76.55000000000001
2020-07-18,81.5
2020-07-19,85.46000000000001
2020-07-20,86.99000000000001
2020-07-21,84.02
2020-07-22,81.95
2020-07-23,79.52
2020-07-24,76.01
2020-07-25,79.97
2020-07-26,84.47
2020-07-27,84.47
2020-07-28,86.53999999999999
2020-07-29,83.48
2020-07-30,82.94
2020-07-31,76.00999999999999
2020-08-01,79.52000000000001
2020-08-02,83.03
2020-08-03,78.98
2020-08-04,74.48
2020-08-05,79.52
2020-08-06,76.55
2020-08-07,73.49000000000001
2020-08-08,75.47
2020-08-09,79.52000000000001
2020-08-10,83.93
2020-08-11,83.03
2020-08-12,80.96000000000001
2020-08-13,75.47
2020-08-14,79.52
2020-08-15,77.53999999999999
2020-08-16,69.44
2020-08-17,72.5
2020-08-18,72.5
2020-08-19,70.52
2020-08-20,71.06
2020-08-21,75.47
2020-08-22,80.50999999999999
2020-08-23,79.97
2020-08-24,82.49000000000001
2020-08-25,80.06
2020-08-26,71.96000000000001
2020-08-27,77.99000000000001
2020-08-28,77.99000000000001
2020-08-29,76.46000000000001
2020-08-30,72.95
2020-08-31,69.98
2020-09-01,71.50999999999999
2020-09-02,74.03
2020-09-03,77.45
2020-09-04,77.0
2020-09-05,72.5
2020-09-06,74.03
2020-09-07,72.5
2020-09-08,76.00999999999999
2020-09-09,75.02000000000001
2020-09-10,77.53999999999999
2020-09-11,69.97999999999999
2020-09-12,67.46000000000001
2020-09-13,67.46000000000001
2020-09-14,67.00999999999999
2020-09-15,59.989999999999995
2020-09-16,63.5
2020-09-17,69.53
2020-09-18,62.510000000000005
2020-09-19,56.480000000000004
2020-09-20,57.47
2020-09-21,56.93
2020-09-22,59.54
2020-09-23,68.0
2020-09-24,68.53999999999999
2020-09-25,69.53
2020-09-26,69.44
2020-09-27,72.95
2020-09-28,73.04
2020-09-29,70.43
2020-09-30,65.57
2020-10-01,66.02000000000001
2020-10-02,59.0
2020-10-03,59.0
2020-10-04,59.0
2020-10-05,61.52
2020-10-06,63.050000000000004
2020-10-07,67.00999999999999
2020-10-08,58.55
2020-10-09,59.540000000000006
2020-10-10,64.49000000000001
2020-10-11,61.97
2020-10-12,52.97
2020-10-13,55.49
2020-10-14,58.46
2020-10-15,64.03999999999999
2020-10-16,56.48
2020-10-17,51.53
2020-10-18,54.05
2020-10-19,58.01
2020-10-20,64.03999999999999
2020-10-21,63.5
2020-10-22,66.02
2020-10-23,66.02000000000001
2020-10-24,58.550000000000004
2020-10-25,49.010000000000005
2020-10-26,55.04
2020-10-27,55.49
2020-10-28,54.5
2020-10-29,50.989999999999995
2020-10-30,41.989999999999995
2020-10-31,39.019999999999996
2020-11-01,49.010000000000005
2020-11-02,41.0
2020-11-03,46.49
2020-11-04,50.99
2020-11-05,59.45
2020-11-06,62.96
2020-11-07,64.94
2020-11-08,65.47999999999999
2020-11-09,64.49
2020-11-10,67.00999999999999
2020-11-11,68.0
2020-11-12,57.019999999999996
2020-11-13,48.47
2020-11-14,47.03
2020-11-15,52.519999999999996
2020-11-16,49.550000000000004
2020-11-17,42.980000000000004
2020-11-18,33.08
2020-11-19,39.11
2020-11-20,53.96
2020-11-21,56.48
2020-11-22,51.53
2020-11-23,51.08
2020-11-24,44.51
2020-11-25,50.45
2020-11-26,59.99
2020-11-27,57.019999999999996
2020-11-28,50.0
2020-11-29,47.480000000000004
2020-11-30,56.480000000000004
2020-12-01,49.55
2020-12-02,39.47
2020-12-03,42.53
2020-12-04,48.02
2020-12-05,42.98
2020-12-06,36.5
2020-12-07,35.96
2020-12-08,33.08
2020-12-09,34.519999999999996
2020-12-10,42.44
2020-12-11,48.019999999999996
2020-12-12,51.980000000000004
2020-12-13,54.5
2020-12-14,41.0
2020-12-15,34.61
2020-12-16,27.68
2020-12-17,28.669999999999998
2020-12-18,28.13
2020-12-19,26.060000000000002
2020-12-20,35.510000000000005
2020-12-21,41.54
2020-12-22,41.989999999999995
2020-12-23,40.46
2020-12-24,50.99
2020-12-25,45.050000000000004
2020-12-26,28.13
2020-12-27,30.65
2020-12-28,42.53
2020-12-29,36.59
2020-12-30,35.6
2020-12-31,41.989999999999995
